Model,Dataset,Config,Seed,ConfidenceGap
GroNLP/hateBERT,ieee,prep0_aug0,seed_14298463,0.204081
GroNLP/hateBERT,ieee,prep0_aug0,seed_24677315,0.144905
GroNLP/hateBERT,ieee,prep0_aug0,seed_37622020,0.283059
GroNLP/hateBERT,ieee,prep0_aug0,seed_43782163,0.119359
GroNLP/hateBERT,ieee,prep0_aug0,seed_52680723,0.134953
GroNLP/hateBERT,ieee,prep0_aug0,seed_67351593,0.152027
GroNLP/hateBERT,ieee,prep0_aug0,seed_70681460,0.143658
GroNLP/hateBERT,ieee,prep0_aug0,seed_87212562,0.285234
GroNLP/hateBERT,ieee,prep0_aug0,seed_90995999,0.126485
GroNLP/hateBERT,ieee,prep0_aug0,seed_99511865,0.090224
Twitter/twhin-bert-base,ieee,prep0_aug0,seed_14298463,0.126463
Twitter/twhin-bert-base,ieee,prep0_aug0,seed_24677315,0.095384
Twitter/twhin-bert-base,ieee,prep0_aug0,seed_37622020,0.132086
Twitter/twhin-bert-base,ieee,prep0_aug0,seed_43782163,0.099321
Twitter/twhin-bert-base,ieee,prep0_aug0,seed_52680723,0.061706
Twitter/twhin-bert-base,ieee,prep0_aug0,seed_67351593,0.138526
Twitter/twhin-bert-base,ieee,prep0_aug0,seed_70681460,0.098571
Twitter/twhin-bert-base,ieee,prep0_aug0,seed_87212562,0.292326
Twitter/twhin-bert-base,ieee,prep0_aug0,seed_90995999,0.0766
Twitter/twhin-bert-base,ieee,prep0_aug0,seed_99511865,0.141931
albert/albert-base-v2,ieee,prep0_aug0,seed_14298463,0.150125
albert/albert-base-v2,ieee,prep0_aug0,seed_24677315,0.141547
albert/albert-base-v2,ieee,prep0_aug0,seed_37622020,0.139288
albert/albert-base-v2,ieee,prep0_aug0,seed_43782163,0.309549
albert/albert-base-v2,ieee,prep0_aug0,seed_52680723,0.145448
albert/albert-base-v2,ieee,prep0_aug0,seed_67351593,0.152244
albert/albert-base-v2,ieee,prep0_aug0,seed_70681460,0.185304
albert/albert-base-v2,ieee,prep0_aug0,seed_87212562,0.120451
albert/albert-base-v2,ieee,prep0_aug0,seed_90995999,0.190094
albert/albert-base-v2,ieee,prep0_aug0,seed_99511865,0.146731
all-MiniLM-L12-v2,ieee,prep0_aug0,seed_14298463,0.245316
all-MiniLM-L12-v2,ieee,prep0_aug0,seed_24677315,0.1808
all-MiniLM-L12-v2,ieee,prep0_aug0,seed_37622020,0.169509
all-MiniLM-L12-v2,ieee,prep0_aug0,seed_43782163,0.270119
all-MiniLM-L12-v2,ieee,prep0_aug0,seed_52680723,0.206007
all-MiniLM-L12-v2,ieee,prep0_aug0,seed_67351593,0.197496
all-MiniLM-L12-v2,ieee,prep0_aug0,seed_70681460,0.215411
all-MiniLM-L12-v2,ieee,prep0_aug0,seed_87212562,0.20163
all-MiniLM-L12-v2,ieee,prep0_aug0,seed_90995999,0.146927
all-MiniLM-L12-v2,ieee,prep0_aug0,seed_99511865,0.201546
all-MiniLM-L6-v2,ieee,prep0_aug0,seed_14298463,0.246116
all-MiniLM-L6-v2,ieee,prep0_aug0,seed_24677315,0.210415
all-MiniLM-L6-v2,ieee,prep0_aug0,seed_37622020,0.170558
all-MiniLM-L6-v2,ieee,prep0_aug0,seed_43782163,0.236286
all-MiniLM-L6-v2,ieee,prep0_aug0,seed_52680723,0.306166
all-MiniLM-L6-v2,ieee,prep0_aug0,seed_67351593,0.209259
all-MiniLM-L6-v2,ieee,prep0_aug0,seed_70681460,0.180612
all-MiniLM-L6-v2,ieee,prep0_aug0,seed_87212562,0.167052
all-MiniLM-L6-v2,ieee,prep0_aug0,seed_90995999,0.184512
all-MiniLM-L6-v2,ieee,prep0_aug0,seed_99511865,0.164684
all-distilroberta-v1,ieee,prep0_aug0,seed_14298463,0.245007
all-distilroberta-v1,ieee,prep0_aug0,seed_24677315,0.375872
all-distilroberta-v1,ieee,prep0_aug0,seed_37622020,0.253353
all-distilroberta-v1,ieee,prep0_aug0,seed_43782163,0.165947
all-distilroberta-v1,ieee,prep0_aug0,seed_52680723,0.143588
all-distilroberta-v1,ieee,prep0_aug0,seed_67351593,0.169983
all-distilroberta-v1,ieee,prep0_aug0,seed_70681460,0.171104
all-distilroberta-v1,ieee,prep0_aug0,seed_87212562,0.2033
all-distilroberta-v1,ieee,prep0_aug0,seed_90995999,0.137644
all-distilroberta-v1,ieee,prep0_aug0,seed_99511865,0.202341
all-mpnet-base-v2,ieee,prep0_aug0,seed_14298463,0.146354
all-mpnet-base-v2,ieee,prep0_aug0,seed_24677315,0.14235
all-mpnet-base-v2,ieee,prep0_aug0,seed_37622020,0.110267
all-mpnet-base-v2,ieee,prep0_aug0,seed_43782163,0.130984
all-mpnet-base-v2,ieee,prep0_aug0,seed_52680723,0.151609
all-mpnet-base-v2,ieee,prep0_aug0,seed_67351593,0.13085
all-mpnet-base-v2,ieee,prep0_aug0,seed_70681460,0.122595
all-mpnet-base-v2,ieee,prep0_aug0,seed_87212562,0.132215
all-mpnet-base-v2,ieee,prep0_aug0,seed_90995999,0.182062
all-mpnet-base-v2,ieee,prep0_aug0,seed_99511865,0.134573
answerdotai/ModernBERT-base,ieee,prep0_aug0,seed_14298463,0.193573
answerdotai/ModernBERT-base,ieee,prep0_aug0,seed_24677315,0.167282
answerdotai/ModernBERT-base,ieee,prep0_aug0,seed_37622020,0.145764
answerdotai/ModernBERT-base,ieee,prep0_aug0,seed_43782163,0.094419
answerdotai/ModernBERT-base,ieee,prep0_aug0,seed_52680723,0.371551
answerdotai/ModernBERT-base,ieee,prep0_aug0,seed_67351593,0.22263
answerdotai/ModernBERT-base,ieee,prep0_aug0,seed_70681460,0.149037
answerdotai/ModernBERT-base,ieee,prep0_aug0,seed_87212562,0.21222
answerdotai/ModernBERT-base,ieee,prep0_aug0,seed_90995999,0.191091
answerdotai/ModernBERT-base,ieee,prep0_aug0,seed_99511865,0.131774
bert-base-cased,ieee,prep0_aug0,seed_14298463,0.26752
bert-base-cased,ieee,prep0_aug0,seed_24677315,0.236275
bert-base-cased,ieee,prep0_aug0,seed_37622020,0.107087
bert-base-cased,ieee,prep0_aug0,seed_43782163,0.144917
bert-base-cased,ieee,prep0_aug0,seed_52680723,0.133173
bert-base-cased,ieee,prep0_aug0,seed_67351593,0.275581
bert-base-cased,ieee,prep0_aug0,seed_70681460,0.116285
bert-base-cased,ieee,prep0_aug0,seed_87212562,0.101191
bert-base-cased,ieee,prep0_aug0,seed_90995999,0.151692
bert-base-cased,ieee,prep0_aug0,seed_99511865,0.110967
bert-base-uncased,ieee,prep0_aug0,seed_14298463,0.089685
bert-base-uncased,ieee,prep0_aug0,seed_24677315,0.124152
bert-base-uncased,ieee,prep0_aug0,seed_37622020,0.093372
bert-base-uncased,ieee,prep0_aug0,seed_43782163,0.11878
bert-base-uncased,ieee,prep0_aug0,seed_52680723,0.101637
bert-base-uncased,ieee,prep0_aug0,seed_67351593,0.117583
bert-base-uncased,ieee,prep0_aug0,seed_70681460,0.145073
bert-base-uncased,ieee,prep0_aug0,seed_87212562,0.123031
bert-base-uncased,ieee,prep0_aug0,seed_90995999,0.095288
bert-base-uncased,ieee,prep0_aug0,seed_99511865,0.110725
chandar-lab/NeoBERT,ieee,prep0_aug0,seed_14298463,0.161322
chandar-lab/NeoBERT,ieee,prep0_aug0,seed_24677315,0.320696
chandar-lab/NeoBERT,ieee,prep0_aug0,seed_37622020,0.379851
chandar-lab/NeoBERT,ieee,prep0_aug0,seed_43782163,0.10732
chandar-lab/NeoBERT,ieee,prep0_aug0,seed_52680723,0.15351
chandar-lab/NeoBERT,ieee,prep0_aug0,seed_67351593,0.132335
chandar-lab/NeoBERT,ieee,prep0_aug0,seed_70681460,0.133094
chandar-lab/NeoBERT,ieee,prep0_aug0,seed_87212562,0.371563
chandar-lab/NeoBERT,ieee,prep0_aug0,seed_90995999,0.114362
chandar-lab/NeoBERT,ieee,prep0_aug0,seed_99511865,0.176669
distilbert-base-cased,ieee,prep0_aug0,seed_14298463,0.134774
distilbert-base-cased,ieee,prep0_aug0,seed_24677315,0.090144
distilbert-base-cased,ieee,prep0_aug0,seed_37622020,0.259327
distilbert-base-cased,ieee,prep0_aug0,seed_43782163,0.146267
distilbert-base-cased,ieee,prep0_aug0,seed_52680723,0.144908
distilbert-base-cased,ieee,prep0_aug0,seed_67351593,0.25719
distilbert-base-cased,ieee,prep0_aug0,seed_70681460,0.198768
distilbert-base-cased,ieee,prep0_aug0,seed_87212562,0.138774
distilbert-base-cased,ieee,prep0_aug0,seed_90995999,0.085857
distilbert-base-cased,ieee,prep0_aug0,seed_99511865,0.14657
distilbert-base-uncased,ieee,prep0_aug0,seed_14298463,0.204197
distilbert-base-uncased,ieee,prep0_aug0,seed_24677315,0.162156
distilbert-base-uncased,ieee,prep0_aug0,seed_37622020,0.147552
distilbert-base-uncased,ieee,prep0_aug0,seed_43782163,0.166995
distilbert-base-uncased,ieee,prep0_aug0,seed_52680723,0.123725
distilbert-base-uncased,ieee,prep0_aug0,seed_67351593,0.152441
distilbert-base-uncased,ieee,prep0_aug0,seed_70681460,0.151732
distilbert-base-uncased,ieee,prep0_aug0,seed_87212562,0.194126
distilbert-base-uncased,ieee,prep0_aug0,seed_90995999,0.32551
distilbert-base-uncased,ieee,prep0_aug0,seed_99511865,0.223149
google/mobilebert-uncased,ieee,prep0_aug0,seed_14298463,0.263352
google/mobilebert-uncased,ieee,prep0_aug0,seed_24677315,0.194171
google/mobilebert-uncased,ieee,prep0_aug0,seed_37622020,0.177605
google/mobilebert-uncased,ieee,prep0_aug0,seed_43782163,0.214385
google/mobilebert-uncased,ieee,prep0_aug0,seed_52680723,0.210201
google/mobilebert-uncased,ieee,prep0_aug0,seed_67351593,0.179439
google/mobilebert-uncased,ieee,prep0_aug0,seed_70681460,0.384903
google/mobilebert-uncased,ieee,prep0_aug0,seed_87212562,0.213305
google/mobilebert-uncased,ieee,prep0_aug0,seed_90995999,0.334679
google/mobilebert-uncased,ieee,prep0_aug0,seed_99511865,0.182686
gpt2,ieee,prep0_aug0,seed_14298463,0.327171
gpt2,ieee,prep0_aug0,seed_24677315,0.316556
gpt2,ieee,prep0_aug0,seed_37622020,0.219247
gpt2,ieee,prep0_aug0,seed_43782163,0.320149
gpt2,ieee,prep0_aug0,seed_52680723,0.254601
gpt2,ieee,prep0_aug0,seed_67351593,0.250209
gpt2,ieee,prep0_aug0,seed_70681460,0.251057
gpt2,ieee,prep0_aug0,seed_87212562,0.259186
gpt2,ieee,prep0_aug0,seed_90995999,0.249356
gpt2,ieee,prep0_aug0,seed_99511865,0.321332
roberta-base,ieee,prep0_aug0,seed_14298463,0.058665
roberta-base,ieee,prep0_aug0,seed_24677315,0.097873
roberta-base,ieee,prep0_aug0,seed_37622020,0.0864
roberta-base,ieee,prep0_aug0,seed_43782163,0.077712
roberta-base,ieee,prep0_aug0,seed_52680723,0.107683
roberta-base,ieee,prep0_aug0,seed_67351593,0.148033
roberta-base,ieee,prep0_aug0,seed_70681460,0.106356
roberta-base,ieee,prep0_aug0,seed_87212562,0.104238
roberta-base,ieee,prep0_aug0,seed_90995999,0.097814
roberta-base,ieee,prep0_aug0,seed_99511865,0.19096
sarkerlab/SocBERT-base,ieee,prep0_aug0,seed_14298463,0.160128
sarkerlab/SocBERT-base,ieee,prep0_aug0,seed_24677315,0.208269
sarkerlab/SocBERT-base,ieee,prep0_aug0,seed_37622020,0.163861
sarkerlab/SocBERT-base,ieee,prep0_aug0,seed_43782163,0.147398
sarkerlab/SocBERT-base,ieee,prep0_aug0,seed_52680723,0.193669
sarkerlab/SocBERT-base,ieee,prep0_aug0,seed_67351593,0.188676
sarkerlab/SocBERT-base,ieee,prep0_aug0,seed_70681460,0.210164
sarkerlab/SocBERT-base,ieee,prep0_aug0,seed_87212562,0.165239
sarkerlab/SocBERT-base,ieee,prep0_aug0,seed_90995999,0.156959
sarkerlab/SocBERT-base,ieee,prep0_aug0,seed_99511865,0.202267
vinai/bertweet-base,ieee,prep0_aug0,seed_14298463,0.100279
vinai/bertweet-base,ieee,prep0_aug0,seed_24677315,0.12586
vinai/bertweet-base,ieee,prep0_aug0,seed_37622020,0.15694
vinai/bertweet-base,ieee,prep0_aug0,seed_43782163,0.095734
vinai/bertweet-base,ieee,prep0_aug0,seed_52680723,0.12833
vinai/bertweet-base,ieee,prep0_aug0,seed_67351593,0.13507
vinai/bertweet-base,ieee,prep0_aug0,seed_70681460,0.117982
vinai/bertweet-base,ieee,prep0_aug0,seed_87212562,0.084683
vinai/bertweet-base,ieee,prep0_aug0,seed_90995999,0.057424
vinai/bertweet-base,ieee,prep0_aug0,seed_99511865,0.121044
xlnet-base-cased,ieee,prep0_aug0,seed_14298463,0.128632
xlnet-base-cased,ieee,prep0_aug0,seed_24677315,0.126442
xlnet-base-cased,ieee,prep0_aug0,seed_37622020,0.110358
xlnet-base-cased,ieee,prep0_aug0,seed_43782163,0.102375
xlnet-base-cased,ieee,prep0_aug0,seed_52680723,0.114445
xlnet-base-cased,ieee,prep0_aug0,seed_67351593,0.100571
xlnet-base-cased,ieee,prep0_aug0,seed_70681460,0.109625
xlnet-base-cased,ieee,prep0_aug0,seed_87212562,0.156405
xlnet-base-cased,ieee,prep0_aug0,seed_90995999,0.14093
xlnet-base-cased,ieee,prep0_aug0,seed_99511865,0.238431
GroNLP/hateBERT,kaggle,prep0_aug0,seed_14298463,0.048898
GroNLP/hateBERT,kaggle,prep0_aug0,seed_24677315,0.087607
GroNLP/hateBERT,kaggle,prep0_aug0,seed_37622020,0.057362
GroNLP/hateBERT,kaggle,prep0_aug0,seed_43782163,0.04086
GroNLP/hateBERT,kaggle,prep0_aug0,seed_52680723,0.052616
GroNLP/hateBERT,kaggle,prep0_aug0,seed_67351593,0.034634
GroNLP/hateBERT,kaggle,prep0_aug0,seed_70681460,0.039276
GroNLP/hateBERT,kaggle,prep0_aug0,seed_87212562,0.044918
GroNLP/hateBERT,kaggle,prep0_aug0,seed_90995999,0.0446
GroNLP/hateBERT,kaggle,prep0_aug0,seed_99511865,0.05517
Twitter/twhin-bert-base,kaggle,prep0_aug0,seed_14298463,0.034824
Twitter/twhin-bert-base,kaggle,prep0_aug0,seed_24677315,0.050707
Twitter/twhin-bert-base,kaggle,prep0_aug0,seed_37622020,0.045846
Twitter/twhin-bert-base,kaggle,prep0_aug0,seed_43782163,0.062126
Twitter/twhin-bert-base,kaggle,prep0_aug0,seed_52680723,0.054224
Twitter/twhin-bert-base,kaggle,prep0_aug0,seed_67351593,0.04221
Twitter/twhin-bert-base,kaggle,prep0_aug0,seed_70681460,0.066451
Twitter/twhin-bert-base,kaggle,prep0_aug0,seed_87212562,0.050948
Twitter/twhin-bert-base,kaggle,prep0_aug0,seed_90995999,0.065026
Twitter/twhin-bert-base,kaggle,prep0_aug0,seed_99511865,0.080037
albert/albert-base-v2,kaggle,prep0_aug0,seed_14298463,0.057363
albert/albert-base-v2,kaggle,prep0_aug0,seed_24677315,0.059647
albert/albert-base-v2,kaggle,prep0_aug0,seed_37622020,0.099776
albert/albert-base-v2,kaggle,prep0_aug0,seed_43782163,0.106485
albert/albert-base-v2,kaggle,prep0_aug0,seed_52680723,0.057937
albert/albert-base-v2,kaggle,prep0_aug0,seed_67351593,0.060337
albert/albert-base-v2,kaggle,prep0_aug0,seed_70681460,0.059713
albert/albert-base-v2,kaggle,prep0_aug0,seed_87212562,0.080342
albert/albert-base-v2,kaggle,prep0_aug0,seed_90995999,0.056582
albert/albert-base-v2,kaggle,prep0_aug0,seed_99511865,0.047385
all-MiniLM-L12-v2,kaggle,prep0_aug0,seed_14298463,0.109991
all-MiniLM-L12-v2,kaggle,prep0_aug0,seed_24677315,0.100846
all-MiniLM-L12-v2,kaggle,prep0_aug0,seed_37622020,0.060498
all-MiniLM-L12-v2,kaggle,prep0_aug0,seed_43782163,0.179965
all-MiniLM-L12-v2,kaggle,prep0_aug0,seed_52680723,0.055136
all-MiniLM-L12-v2,kaggle,prep0_aug0,seed_67351593,0.081496
all-MiniLM-L12-v2,kaggle,prep0_aug0,seed_70681460,0.054464
all-MiniLM-L12-v2,kaggle,prep0_aug0,seed_87212562,0.072065
all-MiniLM-L12-v2,kaggle,prep0_aug0,seed_90995999,0.089816
all-MiniLM-L12-v2,kaggle,prep0_aug0,seed_99511865,0.093319
all-MiniLM-L6-v2,kaggle,prep0_aug0,seed_14298463,0.075962
all-MiniLM-L6-v2,kaggle,prep0_aug0,seed_24677315,0.169061
all-MiniLM-L6-v2,kaggle,prep0_aug0,seed_37622020,0.067437
all-MiniLM-L6-v2,kaggle,prep0_aug0,seed_43782163,0.087991
all-MiniLM-L6-v2,kaggle,prep0_aug0,seed_52680723,0.092559
all-MiniLM-L6-v2,kaggle,prep0_aug0,seed_67351593,0.082605
all-MiniLM-L6-v2,kaggle,prep0_aug0,seed_70681460,0.083021
all-MiniLM-L6-v2,kaggle,prep0_aug0,seed_87212562,0.132318
all-MiniLM-L6-v2,kaggle,prep0_aug0,seed_90995999,0.092069
all-MiniLM-L6-v2,kaggle,prep0_aug0,seed_99511865,0.074644
all-distilroberta-v1,kaggle,prep0_aug0,seed_14298463,0.049747
all-distilroberta-v1,kaggle,prep0_aug0,seed_24677315,0.052158
all-distilroberta-v1,kaggle,prep0_aug0,seed_37622020,0.065333
all-distilroberta-v1,kaggle,prep0_aug0,seed_43782163,0.040914
all-distilroberta-v1,kaggle,prep0_aug0,seed_52680723,0.040479
all-distilroberta-v1,kaggle,prep0_aug0,seed_67351593,0.05335
all-distilroberta-v1,kaggle,prep0_aug0,seed_70681460,0.156798
all-distilroberta-v1,kaggle,prep0_aug0,seed_87212562,0.055171
all-distilroberta-v1,kaggle,prep0_aug0,seed_90995999,0.05705
all-distilroberta-v1,kaggle,prep0_aug0,seed_99511865,0.050517
all-mpnet-base-v2,kaggle,prep0_aug0,seed_14298463,0.135152
all-mpnet-base-v2,kaggle,prep0_aug0,seed_24677315,0.045387
all-mpnet-base-v2,kaggle,prep0_aug0,seed_37622020,0.09226
all-mpnet-base-v2,kaggle,prep0_aug0,seed_43782163,0.068163
all-mpnet-base-v2,kaggle,prep0_aug0,seed_52680723,0.113936
all-mpnet-base-v2,kaggle,prep0_aug0,seed_67351593,0.159403
all-mpnet-base-v2,kaggle,prep0_aug0,seed_70681460,0.054754
all-mpnet-base-v2,kaggle,prep0_aug0,seed_87212562,0.049167
all-mpnet-base-v2,kaggle,prep0_aug0,seed_90995999,0.1022
all-mpnet-base-v2,kaggle,prep0_aug0,seed_99511865,0.066938
answerdotai/ModernBERT-base,kaggle,prep0_aug0,seed_14298463,0.063289
answerdotai/ModernBERT-base,kaggle,prep0_aug0,seed_24677315,0.087622
answerdotai/ModernBERT-base,kaggle,prep0_aug0,seed_37622020,0.0883
answerdotai/ModernBERT-base,kaggle,prep0_aug0,seed_43782163,0.049968
answerdotai/ModernBERT-base,kaggle,prep0_aug0,seed_52680723,0.060551
answerdotai/ModernBERT-base,kaggle,prep0_aug0,seed_67351593,0.048428
answerdotai/ModernBERT-base,kaggle,prep0_aug0,seed_70681460,0.156252
answerdotai/ModernBERT-base,kaggle,prep0_aug0,seed_87212562,0.062284
answerdotai/ModernBERT-base,kaggle,prep0_aug0,seed_90995999,0.085811
answerdotai/ModernBERT-base,kaggle,prep0_aug0,seed_99511865,0.051376
bert-base-cased,kaggle,prep0_aug0,seed_14298463,0.128323
bert-base-cased,kaggle,prep0_aug0,seed_24677315,0.052799
bert-base-cased,kaggle,prep0_aug0,seed_37622020,0.034047
bert-base-cased,kaggle,prep0_aug0,seed_43782163,0.049635
bert-base-cased,kaggle,prep0_aug0,seed_52680723,0.051417
bert-base-cased,kaggle,prep0_aug0,seed_67351593,0.068459
bert-base-cased,kaggle,prep0_aug0,seed_70681460,0.037974
bert-base-cased,kaggle,prep0_aug0,seed_87212562,0.059329
bert-base-cased,kaggle,prep0_aug0,seed_90995999,0.073467
bert-base-cased,kaggle,prep0_aug0,seed_99511865,0.047874
bert-base-uncased,kaggle,prep0_aug0,seed_14298463,0.050351
bert-base-uncased,kaggle,prep0_aug0,seed_24677315,0.077431
bert-base-uncased,kaggle,prep0_aug0,seed_37622020,0.071289
bert-base-uncased,kaggle,prep0_aug0,seed_43782163,0.038681
bert-base-uncased,kaggle,prep0_aug0,seed_52680723,0.069362
bert-base-uncased,kaggle,prep0_aug0,seed_67351593,0.055234
bert-base-uncased,kaggle,prep0_aug0,seed_70681460,0.080171
bert-base-uncased,kaggle,prep0_aug0,seed_87212562,0.040976
bert-base-uncased,kaggle,prep0_aug0,seed_90995999,0.168229
bert-base-uncased,kaggle,prep0_aug0,seed_99511865,0.068455
chandar-lab/NeoBERT,kaggle,prep0_aug0,seed_14298463,0.052046
chandar-lab/NeoBERT,kaggle,prep0_aug0,seed_24677315,0.034424
chandar-lab/NeoBERT,kaggle,prep0_aug0,seed_37622020,0.075846
chandar-lab/NeoBERT,kaggle,prep0_aug0,seed_43782163,0.138623
chandar-lab/NeoBERT,kaggle,prep0_aug0,seed_52680723,0.051521
chandar-lab/NeoBERT,kaggle,prep0_aug0,seed_67351593,0.119895
chandar-lab/NeoBERT,kaggle,prep0_aug0,seed_70681460,0.115673
chandar-lab/NeoBERT,kaggle,prep0_aug0,seed_87212562,0.071317
chandar-lab/NeoBERT,kaggle,prep0_aug0,seed_90995999,0.096563
chandar-lab/NeoBERT,kaggle,prep0_aug0,seed_99511865,0.039509
distilbert-base-cased,kaggle,prep0_aug0,seed_14298463,0.056193
distilbert-base-cased,kaggle,prep0_aug0,seed_24677315,0.155113
distilbert-base-cased,kaggle,prep0_aug0,seed_37622020,0.0339
distilbert-base-cased,kaggle,prep0_aug0,seed_43782163,0.062961
distilbert-base-cased,kaggle,prep0_aug0,seed_52680723,0.04811
distilbert-base-cased,kaggle,prep0_aug0,seed_67351593,0.037474
distilbert-base-cased,kaggle,prep0_aug0,seed_70681460,0.068836
distilbert-base-cased,kaggle,prep0_aug0,seed_87212562,0.043083
distilbert-base-cased,kaggle,prep0_aug0,seed_90995999,0.03996
distilbert-base-cased,kaggle,prep0_aug0,seed_99511865,0.082699
distilbert-base-uncased,kaggle,prep0_aug0,seed_14298463,0.042527
distilbert-base-uncased,kaggle,prep0_aug0,seed_24677315,0.05517
distilbert-base-uncased,kaggle,prep0_aug0,seed_37622020,0.104903
distilbert-base-uncased,kaggle,prep0_aug0,seed_43782163,0.036853
distilbert-base-uncased,kaggle,prep0_aug0,seed_52680723,0.044281
distilbert-base-uncased,kaggle,prep0_aug0,seed_67351593,0.045719
distilbert-base-uncased,kaggle,prep0_aug0,seed_70681460,0.042424
distilbert-base-uncased,kaggle,prep0_aug0,seed_87212562,0.056385
distilbert-base-uncased,kaggle,prep0_aug0,seed_90995999,0.213658
distilbert-base-uncased,kaggle,prep0_aug0,seed_99511865,0.050283
google/mobilebert-uncased,kaggle,prep0_aug0,seed_14298463,0.156424
google/mobilebert-uncased,kaggle,prep0_aug0,seed_24677315,0.150508
google/mobilebert-uncased,kaggle,prep0_aug0,seed_37622020,0.094303
google/mobilebert-uncased,kaggle,prep0_aug0,seed_43782163,0.065623
google/mobilebert-uncased,kaggle,prep0_aug0,seed_52680723,0.152456
google/mobilebert-uncased,kaggle,prep0_aug0,seed_67351593,0.133397
google/mobilebert-uncased,kaggle,prep0_aug0,seed_70681460,0.054956
google/mobilebert-uncased,kaggle,prep0_aug0,seed_87212562,0.087848
google/mobilebert-uncased,kaggle,prep0_aug0,seed_90995999,0.099952
google/mobilebert-uncased,kaggle,prep0_aug0,seed_99511865,0.058711
gpt2,kaggle,prep0_aug0,seed_14298463,0.110857
gpt2,kaggle,prep0_aug0,seed_24677315,0.077266
gpt2,kaggle,prep0_aug0,seed_37622020,0.101012
gpt2,kaggle,prep0_aug0,seed_43782163,0.084189
gpt2,kaggle,prep0_aug0,seed_52680723,0.086023
gpt2,kaggle,prep0_aug0,seed_67351593,0.096444
gpt2,kaggle,prep0_aug0,seed_70681460,0.118058
gpt2,kaggle,prep0_aug0,seed_87212562,0.10027
gpt2,kaggle,prep0_aug0,seed_90995999,0.133981
gpt2,kaggle,prep0_aug0,seed_99511865,0.078732
roberta-base,kaggle,prep0_aug0,seed_14298463,0.070705
roberta-base,kaggle,prep0_aug0,seed_24677315,0.049411
roberta-base,kaggle,prep0_aug0,seed_37622020,0.078088
roberta-base,kaggle,prep0_aug0,seed_43782163,0.078543
roberta-base,kaggle,prep0_aug0,seed_52680723,0.037349
roberta-base,kaggle,prep0_aug0,seed_67351593,0.046828
roberta-base,kaggle,prep0_aug0,seed_70681460,0.074914
roberta-base,kaggle,prep0_aug0,seed_87212562,0.04163
roberta-base,kaggle,prep0_aug0,seed_90995999,0.033784
roberta-base,kaggle,prep0_aug0,seed_99511865,0.047052
sarkerlab/SocBERT-base,kaggle,prep0_aug0,seed_14298463,0.044876
sarkerlab/SocBERT-base,kaggle,prep0_aug0,seed_24677315,0.07255
sarkerlab/SocBERT-base,kaggle,prep0_aug0,seed_37622020,0.142363
sarkerlab/SocBERT-base,kaggle,prep0_aug0,seed_43782163,0.081248
sarkerlab/SocBERT-base,kaggle,prep0_aug0,seed_52680723,0.066063
sarkerlab/SocBERT-base,kaggle,prep0_aug0,seed_67351593,0.065503
sarkerlab/SocBERT-base,kaggle,prep0_aug0,seed_70681460,0.081488
sarkerlab/SocBERT-base,kaggle,prep0_aug0,seed_87212562,0.084531
sarkerlab/SocBERT-base,kaggle,prep0_aug0,seed_90995999,0.083097
sarkerlab/SocBERT-base,kaggle,prep0_aug0,seed_99511865,0.058736
vinai/bertweet-base,kaggle,prep0_aug0,seed_14298463,0.053619
vinai/bertweet-base,kaggle,prep0_aug0,seed_24677315,0.174099
vinai/bertweet-base,kaggle,prep0_aug0,seed_37622020,0.058077
vinai/bertweet-base,kaggle,prep0_aug0,seed_43782163,0.083086
vinai/bertweet-base,kaggle,prep0_aug0,seed_52680723,0.118795
vinai/bertweet-base,kaggle,prep0_aug0,seed_67351593,0.079297
vinai/bertweet-base,kaggle,prep0_aug0,seed_70681460,0.066125
vinai/bertweet-base,kaggle,prep0_aug0,seed_87212562,0.063005
vinai/bertweet-base,kaggle,prep0_aug0,seed_90995999,0.092173
vinai/bertweet-base,kaggle,prep0_aug0,seed_99511865,0.066442
xlnet-base-cased,kaggle,prep0_aug0,seed_14298463,0.12819
xlnet-base-cased,kaggle,prep0_aug0,seed_24677315,0.061079
xlnet-base-cased,kaggle,prep0_aug0,seed_37622020,0.026342
xlnet-base-cased,kaggle,prep0_aug0,seed_43782163,0.061741
xlnet-base-cased,kaggle,prep0_aug0,seed_52680723,0.072836
xlnet-base-cased,kaggle,prep0_aug0,seed_67351593,0.044288
xlnet-base-cased,kaggle,prep0_aug0,seed_70681460,0.076692
xlnet-base-cased,kaggle,prep0_aug0,seed_87212562,0.047175
xlnet-base-cased,kaggle,prep0_aug0,seed_90995999,0.04833
xlnet-base-cased,kaggle,prep0_aug0,seed_99511865,0.033338
GroNLP/hateBERT,tweeteval,prep0_aug0,seed_14298463,0.059766
GroNLP/hateBERT,tweeteval,prep0_aug0,seed_24677315,0.069578
GroNLP/hateBERT,tweeteval,prep0_aug0,seed_37622020,0.027853
GroNLP/hateBERT,tweeteval,prep0_aug0,seed_43782163,0.039134
GroNLP/hateBERT,tweeteval,prep0_aug0,seed_52680723,0.051252
GroNLP/hateBERT,tweeteval,prep0_aug0,seed_67351593,0.046073
GroNLP/hateBERT,tweeteval,prep0_aug0,seed_70681460,0.034439
GroNLP/hateBERT,tweeteval,prep0_aug0,seed_87212562,0.029412
GroNLP/hateBERT,tweeteval,prep0_aug0,seed_90995999,0.049549
GroNLP/hateBERT,tweeteval,prep0_aug0,seed_99511865,0.034829
Twitter/twhin-bert-base,tweeteval,prep0_aug0,seed_14298463,0.026594
Twitter/twhin-bert-base,tweeteval,prep0_aug0,seed_24677315,0.020978
Twitter/twhin-bert-base,tweeteval,prep0_aug0,seed_37622020,0.021432
Twitter/twhin-bert-base,tweeteval,prep0_aug0,seed_43782163,0.060102
Twitter/twhin-bert-base,tweeteval,prep0_aug0,seed_52680723,0.022868
Twitter/twhin-bert-base,tweeteval,prep0_aug0,seed_67351593,0.028475
Twitter/twhin-bert-base,tweeteval,prep0_aug0,seed_70681460,0.022774
Twitter/twhin-bert-base,tweeteval,prep0_aug0,seed_87212562,0.068585
Twitter/twhin-bert-base,tweeteval,prep0_aug0,seed_90995999,0.03549
Twitter/twhin-bert-base,tweeteval,prep0_aug0,seed_99511865,0.028449
albert/albert-base-v2,tweeteval,prep0_aug0,seed_14298463,0.030466
albert/albert-base-v2,tweeteval,prep0_aug0,seed_24677315,0.047966
albert/albert-base-v2,tweeteval,prep0_aug0,seed_37622020,0.031505
albert/albert-base-v2,tweeteval,prep0_aug0,seed_43782163,0.027576
albert/albert-base-v2,tweeteval,prep0_aug0,seed_52680723,0.038098
albert/albert-base-v2,tweeteval,prep0_aug0,seed_67351593,0.040519
albert/albert-base-v2,tweeteval,prep0_aug0,seed_70681460,0.031434
albert/albert-base-v2,tweeteval,prep0_aug0,seed_87212562,0.035008
albert/albert-base-v2,tweeteval,prep0_aug0,seed_90995999,0.060695
albert/albert-base-v2,tweeteval,prep0_aug0,seed_99511865,0.024986
all-MiniLM-L12-v2,tweeteval,prep0_aug0,seed_14298463,0.079237
all-MiniLM-L12-v2,tweeteval,prep0_aug0,seed_24677315,0.034371
all-MiniLM-L12-v2,tweeteval,prep0_aug0,seed_37622020,0.02407
all-MiniLM-L12-v2,tweeteval,prep0_aug0,seed_43782163,0.049287
all-MiniLM-L12-v2,tweeteval,prep0_aug0,seed_52680723,0.043302
all-MiniLM-L12-v2,tweeteval,prep0_aug0,seed_67351593,0.033502
all-MiniLM-L12-v2,tweeteval,prep0_aug0,seed_70681460,0.027772
all-MiniLM-L12-v2,tweeteval,prep0_aug0,seed_87212562,0.032144
all-MiniLM-L12-v2,tweeteval,prep0_aug0,seed_90995999,0.025945
all-MiniLM-L12-v2,tweeteval,prep0_aug0,seed_99511865,0.03762
all-MiniLM-L6-v2,tweeteval,prep0_aug0,seed_14298463,0.031089
all-MiniLM-L6-v2,tweeteval,prep0_aug0,seed_24677315,0.031386
all-MiniLM-L6-v2,tweeteval,prep0_aug0,seed_37622020,0.109872
all-MiniLM-L6-v2,tweeteval,prep0_aug0,seed_43782163,0.078365
all-MiniLM-L6-v2,tweeteval,prep0_aug0,seed_52680723,0.086394
all-MiniLM-L6-v2,tweeteval,prep0_aug0,seed_67351593,0.041601
all-MiniLM-L6-v2,tweeteval,prep0_aug0,seed_70681460,0.043667
all-MiniLM-L6-v2,tweeteval,prep0_aug0,seed_87212562,0.037074
all-MiniLM-L6-v2,tweeteval,prep0_aug0,seed_90995999,0.060749
all-MiniLM-L6-v2,tweeteval,prep0_aug0,seed_99511865,0.06402
all-distilroberta-v1,tweeteval,prep0_aug0,seed_14298463,0.036701
all-distilroberta-v1,tweeteval,prep0_aug0,seed_24677315,0.021288
all-distilroberta-v1,tweeteval,prep0_aug0,seed_37622020,0.023534
all-distilroberta-v1,tweeteval,prep0_aug0,seed_43782163,0.024068
all-distilroberta-v1,tweeteval,prep0_aug0,seed_52680723,0.053603
all-distilroberta-v1,tweeteval,prep0_aug0,seed_67351593,0.031196
all-distilroberta-v1,tweeteval,prep0_aug0,seed_70681460,0.035495
all-distilroberta-v1,tweeteval,prep0_aug0,seed_87212562,0.021309
all-distilroberta-v1,tweeteval,prep0_aug0,seed_90995999,0.0342
all-distilroberta-v1,tweeteval,prep0_aug0,seed_99511865,0.049409
all-mpnet-base-v2,tweeteval,prep0_aug0,seed_14298463,0.026743
all-mpnet-base-v2,tweeteval,prep0_aug0,seed_24677315,0.032591
all-mpnet-base-v2,tweeteval,prep0_aug0,seed_37622020,0.026739
all-mpnet-base-v2,tweeteval,prep0_aug0,seed_43782163,0.026806
all-mpnet-base-v2,tweeteval,prep0_aug0,seed_52680723,0.036186
all-mpnet-base-v2,tweeteval,prep0_aug0,seed_67351593,0.031668
all-mpnet-base-v2,tweeteval,prep0_aug0,seed_70681460,0.02794
all-mpnet-base-v2,tweeteval,prep0_aug0,seed_87212562,0.032137
all-mpnet-base-v2,tweeteval,prep0_aug0,seed_90995999,0.029337
all-mpnet-base-v2,tweeteval,prep0_aug0,seed_99511865,0.031495
answerdotai/ModernBERT-base,tweeteval,prep0_aug0,seed_14298463,0.056668
answerdotai/ModernBERT-base,tweeteval,prep0_aug0,seed_24677315,0.068176
answerdotai/ModernBERT-base,tweeteval,prep0_aug0,seed_37622020,0.045617
answerdotai/ModernBERT-base,tweeteval,prep0_aug0,seed_43782163,0.041686
answerdotai/ModernBERT-base,tweeteval,prep0_aug0,seed_52680723,0.063252
answerdotai/ModernBERT-base,tweeteval,prep0_aug0,seed_67351593,0.04154
answerdotai/ModernBERT-base,tweeteval,prep0_aug0,seed_70681460,0.048071
answerdotai/ModernBERT-base,tweeteval,prep0_aug0,seed_87212562,0.055959
answerdotai/ModernBERT-base,tweeteval,prep0_aug0,seed_90995999,0.045785
answerdotai/ModernBERT-base,tweeteval,prep0_aug0,seed_99511865,0.057069
bert-base-cased,tweeteval,prep0_aug0,seed_14298463,0.027449
bert-base-cased,tweeteval,prep0_aug0,seed_24677315,0.034154
bert-base-cased,tweeteval,prep0_aug0,seed_37622020,0.042216
bert-base-cased,tweeteval,prep0_aug0,seed_43782163,0.033418
bert-base-cased,tweeteval,prep0_aug0,seed_52680723,0.030982
bert-base-cased,tweeteval,prep0_aug0,seed_67351593,0.031492
bert-base-cased,tweeteval,prep0_aug0,seed_70681460,0.024325
bert-base-cased,tweeteval,prep0_aug0,seed_87212562,0.033012
bert-base-cased,tweeteval,prep0_aug0,seed_90995999,0.020373
bert-base-cased,tweeteval,prep0_aug0,seed_99511865,0.039747
bert-base-uncased,tweeteval,prep0_aug0,seed_14298463,0.037036
bert-base-uncased,tweeteval,prep0_aug0,seed_24677315,0.026523
bert-base-uncased,tweeteval,prep0_aug0,seed_37622020,0.031176
bert-base-uncased,tweeteval,prep0_aug0,seed_43782163,0.03726
bert-base-uncased,tweeteval,prep0_aug0,seed_52680723,0.016509
bert-base-uncased,tweeteval,prep0_aug0,seed_67351593,0.028768
bert-base-uncased,tweeteval,prep0_aug0,seed_70681460,0.023694
bert-base-uncased,tweeteval,prep0_aug0,seed_87212562,0.063644
bert-base-uncased,tweeteval,prep0_aug0,seed_90995999,0.025171
bert-base-uncased,tweeteval,prep0_aug0,seed_99511865,0.050987
chandar-lab/NeoBERT,tweeteval,prep0_aug0,seed_14298463,0.046104
chandar-lab/NeoBERT,tweeteval,prep0_aug0,seed_24677315,0.048473
chandar-lab/NeoBERT,tweeteval,prep0_aug0,seed_37622020,0.036573
chandar-lab/NeoBERT,tweeteval,prep0_aug0,seed_43782163,0.042703
chandar-lab/NeoBERT,tweeteval,prep0_aug0,seed_52680723,0.04636
chandar-lab/NeoBERT,tweeteval,prep0_aug0,seed_67351593,0.046895
chandar-lab/NeoBERT,tweeteval,prep0_aug0,seed_70681460,0.066641
chandar-lab/NeoBERT,tweeteval,prep0_aug0,seed_87212562,0.033846
chandar-lab/NeoBERT,tweeteval,prep0_aug0,seed_90995999,0.046298
chandar-lab/NeoBERT,tweeteval,prep0_aug0,seed_99511865,0.066285
distilbert-base-cased,tweeteval,prep0_aug0,seed_14298463,0.032433
distilbert-base-cased,tweeteval,prep0_aug0,seed_24677315,0.033948
distilbert-base-cased,tweeteval,prep0_aug0,seed_37622020,0.029475
distilbert-base-cased,tweeteval,prep0_aug0,seed_43782163,0.043444
distilbert-base-cased,tweeteval,prep0_aug0,seed_52680723,0.050853
distilbert-base-cased,tweeteval,prep0_aug0,seed_67351593,0.027544
distilbert-base-cased,tweeteval,prep0_aug0,seed_70681460,0.027689
distilbert-base-cased,tweeteval,prep0_aug0,seed_87212562,0.088057
distilbert-base-cased,tweeteval,prep0_aug0,seed_90995999,0.050203
distilbert-base-cased,tweeteval,prep0_aug0,seed_99511865,0.033759
distilbert-base-uncased,tweeteval,prep0_aug0,seed_14298463,0.026961
distilbert-base-uncased,tweeteval,prep0_aug0,seed_24677315,0.030037
distilbert-base-uncased,tweeteval,prep0_aug0,seed_37622020,0.025391
distilbert-base-uncased,tweeteval,prep0_aug0,seed_43782163,0.037797
distilbert-base-uncased,tweeteval,prep0_aug0,seed_52680723,0.049067
distilbert-base-uncased,tweeteval,prep0_aug0,seed_67351593,0.021546
distilbert-base-uncased,tweeteval,prep0_aug0,seed_70681460,0.032449
distilbert-base-uncased,tweeteval,prep0_aug0,seed_87212562,0.087503
distilbert-base-uncased,tweeteval,prep0_aug0,seed_90995999,0.033933
distilbert-base-uncased,tweeteval,prep0_aug0,seed_99511865,0.027458
google/mobilebert-uncased,tweeteval,prep0_aug0,seed_14298463,0.061397
google/mobilebert-uncased,tweeteval,prep0_aug0,seed_24677315,0.063136
google/mobilebert-uncased,tweeteval,prep0_aug0,seed_37622020,0.053785
google/mobilebert-uncased,tweeteval,prep0_aug0,seed_43782163,0.149478
google/mobilebert-uncased,tweeteval,prep0_aug0,seed_52680723,0.070038
google/mobilebert-uncased,tweeteval,prep0_aug0,seed_67351593,0.057999
google/mobilebert-uncased,tweeteval,prep0_aug0,seed_70681460,0.067262
google/mobilebert-uncased,tweeteval,prep0_aug0,seed_87212562,0.126507
google/mobilebert-uncased,tweeteval,prep0_aug0,seed_90995999,0.074826
google/mobilebert-uncased,tweeteval,prep0_aug0,seed_99511865,0.067839
gpt2,tweeteval,prep0_aug0,seed_14298463,0.077507
gpt2,tweeteval,prep0_aug0,seed_24677315,0.066256
gpt2,tweeteval,prep0_aug0,seed_37622020,0.079849
gpt2,tweeteval,prep0_aug0,seed_43782163,0.069575
gpt2,tweeteval,prep0_aug0,seed_52680723,0.084933
gpt2,tweeteval,prep0_aug0,seed_67351593,0.073651
gpt2,tweeteval,prep0_aug0,seed_70681460,0.065289
gpt2,tweeteval,prep0_aug0,seed_87212562,0.064019
gpt2,tweeteval,prep0_aug0,seed_90995999,0.074634
gpt2,tweeteval,prep0_aug0,seed_99511865,0.079333
roberta-base,tweeteval,prep0_aug0,seed_14298463,0.030348
roberta-base,tweeteval,prep0_aug0,seed_24677315,0.034771
roberta-base,tweeteval,prep0_aug0,seed_37622020,0.026703
roberta-base,tweeteval,prep0_aug0,seed_43782163,0.04409
roberta-base,tweeteval,prep0_aug0,seed_52680723,0.038857
roberta-base,tweeteval,prep0_aug0,seed_67351593,0.02412
roberta-base,tweeteval,prep0_aug0,seed_70681460,0.032058
roberta-base,tweeteval,prep0_aug0,seed_87212562,0.028256
roberta-base,tweeteval,prep0_aug0,seed_90995999,0.032242
roberta-base,tweeteval,prep0_aug0,seed_99511865,0.027768
sarkerlab/SocBERT-base,tweeteval,prep0_aug0,seed_14298463,0.033228
sarkerlab/SocBERT-base,tweeteval,prep0_aug0,seed_24677315,0.033097
sarkerlab/SocBERT-base,tweeteval,prep0_aug0,seed_37622020,0.022961
sarkerlab/SocBERT-base,tweeteval,prep0_aug0,seed_43782163,0.040216
sarkerlab/SocBERT-base,tweeteval,prep0_aug0,seed_52680723,0.068047
sarkerlab/SocBERT-base,tweeteval,prep0_aug0,seed_67351593,0.033678
sarkerlab/SocBERT-base,tweeteval,prep0_aug0,seed_70681460,0.035493
sarkerlab/SocBERT-base,tweeteval,prep0_aug0,seed_87212562,0.040844
sarkerlab/SocBERT-base,tweeteval,prep0_aug0,seed_90995999,0.024461
sarkerlab/SocBERT-base,tweeteval,prep0_aug0,seed_99511865,0.033294
vinai/bertweet-base,tweeteval,prep0_aug0,seed_14298463,0.040613
vinai/bertweet-base,tweeteval,prep0_aug0,seed_24677315,0.029108
vinai/bertweet-base,tweeteval,prep0_aug0,seed_37622020,0.032743
vinai/bertweet-base,tweeteval,prep0_aug0,seed_43782163,0.038206
vinai/bertweet-base,tweeteval,prep0_aug0,seed_52680723,0.099435
vinai/bertweet-base,tweeteval,prep0_aug0,seed_67351593,0.03037
vinai/bertweet-base,tweeteval,prep0_aug0,seed_70681460,0.029217
vinai/bertweet-base,tweeteval,prep0_aug0,seed_87212562,0.046763
vinai/bertweet-base,tweeteval,prep0_aug0,seed_90995999,0.025323
vinai/bertweet-base,tweeteval,prep0_aug0,seed_99511865,0.02489
xlnet-base-cased,tweeteval,prep0_aug0,seed_14298463,0.014913
xlnet-base-cased,tweeteval,prep0_aug0,seed_24677315,0.020514
xlnet-base-cased,tweeteval,prep0_aug0,seed_37622020,0.025313
xlnet-base-cased,tweeteval,prep0_aug0,seed_43782163,0.027062
xlnet-base-cased,tweeteval,prep0_aug0,seed_52680723,0.025139
xlnet-base-cased,tweeteval,prep0_aug0,seed_67351593,0.040072
xlnet-base-cased,tweeteval,prep0_aug0,seed_70681460,0.025379
xlnet-base-cased,tweeteval,prep0_aug0,seed_87212562,0.017036
xlnet-base-cased,tweeteval,prep0_aug0,seed_90995999,0.021535
xlnet-base-cased,tweeteval,prep0_aug0,seed_99511865,0.05382
GroNLP/hateBERT,ieee,prep1_aug0,seed_14298463,0.325552
GroNLP/hateBERT,ieee,prep1_aug0,seed_24677315,0.193547
GroNLP/hateBERT,ieee,prep1_aug0,seed_37622020,0.17314
GroNLP/hateBERT,ieee,prep1_aug0,seed_43782163,0.213544
GroNLP/hateBERT,ieee,prep1_aug0,seed_52680723,0.204547
GroNLP/hateBERT,ieee,prep1_aug0,seed_67351593,0.255142
GroNLP/hateBERT,ieee,prep1_aug0,seed_70681460,0.200428
GroNLP/hateBERT,ieee,prep1_aug0,seed_87212562,0.239546
GroNLP/hateBERT,ieee,prep1_aug0,seed_90995999,0.246652
GroNLP/hateBERT,ieee,prep1_aug0,seed_99511865,0.173066
Twitter/twhin-bert-base,ieee,prep1_aug0,seed_14298463,0.202598
Twitter/twhin-bert-base,ieee,prep1_aug0,seed_24677315,0.173375
Twitter/twhin-bert-base,ieee,prep1_aug0,seed_37622020,0.084509
Twitter/twhin-bert-base,ieee,prep1_aug0,seed_43782163,0.109154
Twitter/twhin-bert-base,ieee,prep1_aug0,seed_52680723,0.125014
Twitter/twhin-bert-base,ieee,prep1_aug0,seed_67351593,0.162772
Twitter/twhin-bert-base,ieee,prep1_aug0,seed_70681460,0.067981
Twitter/twhin-bert-base,ieee,prep1_aug0,seed_87212562,0.181962
Twitter/twhin-bert-base,ieee,prep1_aug0,seed_90995999,0.219133
Twitter/twhin-bert-base,ieee,prep1_aug0,seed_99511865,0.114491
albert/albert-base-v2,ieee,prep1_aug0,seed_14298463,0.349162
albert/albert-base-v2,ieee,prep1_aug0,seed_24677315,0.289003
albert/albert-base-v2,ieee,prep1_aug0,seed_37622020,0.220254
albert/albert-base-v2,ieee,prep1_aug0,seed_43782163,0.170326
albert/albert-base-v2,ieee,prep1_aug0,seed_52680723,0.229246
albert/albert-base-v2,ieee,prep1_aug0,seed_67351593,0.212949
albert/albert-base-v2,ieee,prep1_aug0,seed_70681460,0.189325
albert/albert-base-v2,ieee,prep1_aug0,seed_87212562,0.342111
albert/albert-base-v2,ieee,prep1_aug0,seed_90995999,0.173053
albert/albert-base-v2,ieee,prep1_aug0,seed_99511865,0.157301
all-MiniLM-L12-v2,ieee,prep1_aug0,seed_14298463,0.167103
all-MiniLM-L12-v2,ieee,prep1_aug0,seed_24677315,0.294309
all-MiniLM-L12-v2,ieee,prep1_aug0,seed_37622020,0.194644
all-MiniLM-L12-v2,ieee,prep1_aug0,seed_43782163,0.180434
all-MiniLM-L12-v2,ieee,prep1_aug0,seed_52680723,0.259471
all-MiniLM-L12-v2,ieee,prep1_aug0,seed_67351593,0.264816
all-MiniLM-L12-v2,ieee,prep1_aug0,seed_70681460,0.185026
all-MiniLM-L12-v2,ieee,prep1_aug0,seed_87212562,0.21689
all-MiniLM-L12-v2,ieee,prep1_aug0,seed_90995999,0.2
all-MiniLM-L12-v2,ieee,prep1_aug0,seed_99511865,0.169995
all-MiniLM-L6-v2,ieee,prep1_aug0,seed_14298463,0.319639
all-MiniLM-L6-v2,ieee,prep1_aug0,seed_24677315,0.317749
all-MiniLM-L6-v2,ieee,prep1_aug0,seed_37622020,0.338625
all-MiniLM-L6-v2,ieee,prep1_aug0,seed_43782163,0.237411
all-MiniLM-L6-v2,ieee,prep1_aug0,seed_52680723,0.332704
all-MiniLM-L6-v2,ieee,prep1_aug0,seed_67351593,0.337493
all-MiniLM-L6-v2,ieee,prep1_aug0,seed_70681460,0.251302
all-MiniLM-L6-v2,ieee,prep1_aug0,seed_87212562,0.224678
all-MiniLM-L6-v2,ieee,prep1_aug0,seed_90995999,0.229896
all-MiniLM-L6-v2,ieee,prep1_aug0,seed_99511865,0.218315
all-distilroberta-v1,ieee,prep1_aug0,seed_14298463,0.185794
all-distilroberta-v1,ieee,prep1_aug0,seed_24677315,0.221641
all-distilroberta-v1,ieee,prep1_aug0,seed_37622020,0.196252
all-distilroberta-v1,ieee,prep1_aug0,seed_43782163,0.32634
all-distilroberta-v1,ieee,prep1_aug0,seed_52680723,0.332632
all-distilroberta-v1,ieee,prep1_aug0,seed_67351593,0.189991
all-distilroberta-v1,ieee,prep1_aug0,seed_70681460,0.235863
all-distilroberta-v1,ieee,prep1_aug0,seed_87212562,0.212398
all-distilroberta-v1,ieee,prep1_aug0,seed_90995999,0.198764
all-distilroberta-v1,ieee,prep1_aug0,seed_99511865,0.230574
all-mpnet-base-v2,ieee,prep1_aug0,seed_14298463,0.118732
all-mpnet-base-v2,ieee,prep1_aug0,seed_24677315,0.163498
all-mpnet-base-v2,ieee,prep1_aug0,seed_37622020,0.145308
all-mpnet-base-v2,ieee,prep1_aug0,seed_43782163,0.128356
all-mpnet-base-v2,ieee,prep1_aug0,seed_52680723,0.122712
all-mpnet-base-v2,ieee,prep1_aug0,seed_67351593,0.103123
all-mpnet-base-v2,ieee,prep1_aug0,seed_70681460,0.126242
all-mpnet-base-v2,ieee,prep1_aug0,seed_87212562,0.130244
all-mpnet-base-v2,ieee,prep1_aug0,seed_90995999,0.177125
all-mpnet-base-v2,ieee,prep1_aug0,seed_99511865,0.121679
answerdotai/ModernBERT-base,ieee,prep1_aug0,seed_14298463,0.211957
answerdotai/ModernBERT-base,ieee,prep1_aug0,seed_24677315,0.162688
answerdotai/ModernBERT-base,ieee,prep1_aug0,seed_37622020,0.396057
answerdotai/ModernBERT-base,ieee,prep1_aug0,seed_43782163,0.155011
answerdotai/ModernBERT-base,ieee,prep1_aug0,seed_52680723,0.153216
answerdotai/ModernBERT-base,ieee,prep1_aug0,seed_67351593,0.276007
answerdotai/ModernBERT-base,ieee,prep1_aug0,seed_70681460,0.155808
answerdotai/ModernBERT-base,ieee,prep1_aug0,seed_87212562,0.202018
answerdotai/ModernBERT-base,ieee,prep1_aug0,seed_90995999,0.173375
answerdotai/ModernBERT-base,ieee,prep1_aug0,seed_99511865,0.168484
bert-base-cased,ieee,prep1_aug0,seed_14298463,0.124928
bert-base-cased,ieee,prep1_aug0,seed_24677315,0.112192
bert-base-cased,ieee,prep1_aug0,seed_37622020,0.291016
bert-base-cased,ieee,prep1_aug0,seed_43782163,0.18016
bert-base-cased,ieee,prep1_aug0,seed_52680723,0.168278
bert-base-cased,ieee,prep1_aug0,seed_67351593,0.109121
bert-base-cased,ieee,prep1_aug0,seed_70681460,0.412974
bert-base-cased,ieee,prep1_aug0,seed_87212562,0.12118
bert-base-cased,ieee,prep1_aug0,seed_90995999,0.14094
bert-base-cased,ieee,prep1_aug0,seed_99511865,0.189512
bert-base-uncased,ieee,prep1_aug0,seed_14298463,0.190759
bert-base-uncased,ieee,prep1_aug0,seed_24677315,0.185599
bert-base-uncased,ieee,prep1_aug0,seed_37622020,0.132191
bert-base-uncased,ieee,prep1_aug0,seed_43782163,0.183295
bert-base-uncased,ieee,prep1_aug0,seed_52680723,0.186035
bert-base-uncased,ieee,prep1_aug0,seed_67351593,0.134848
bert-base-uncased,ieee,prep1_aug0,seed_70681460,0.361985
bert-base-uncased,ieee,prep1_aug0,seed_87212562,0.097058
bert-base-uncased,ieee,prep1_aug0,seed_90995999,0.314929
bert-base-uncased,ieee,prep1_aug0,seed_99511865,0.156697
chandar-lab/NeoBERT,ieee,prep1_aug0,seed_14298463,0.209507
chandar-lab/NeoBERT,ieee,prep1_aug0,seed_24677315,0.313203
chandar-lab/NeoBERT,ieee,prep1_aug0,seed_37622020,0.441935
chandar-lab/NeoBERT,ieee,prep1_aug0,seed_43782163,0.326466
chandar-lab/NeoBERT,ieee,prep1_aug0,seed_52680723,0.173236
chandar-lab/NeoBERT,ieee,prep1_aug0,seed_67351593,0.302999
chandar-lab/NeoBERT,ieee,prep1_aug0,seed_70681460,0.298686
chandar-lab/NeoBERT,ieee,prep1_aug0,seed_87212562,0.1974
chandar-lab/NeoBERT,ieee,prep1_aug0,seed_90995999,0.14204
chandar-lab/NeoBERT,ieee,prep1_aug0,seed_99511865,0.173486
distilbert-base-cased,ieee,prep1_aug0,seed_14298463,0.118803
distilbert-base-cased,ieee,prep1_aug0,seed_24677315,0.168245
distilbert-base-cased,ieee,prep1_aug0,seed_37622020,0.228252
distilbert-base-cased,ieee,prep1_aug0,seed_43782163,0.165269
distilbert-base-cased,ieee,prep1_aug0,seed_52680723,0.152871
distilbert-base-cased,ieee,prep1_aug0,seed_67351593,0.439578
distilbert-base-cased,ieee,prep1_aug0,seed_70681460,0.16823
distilbert-base-cased,ieee,prep1_aug0,seed_87212562,0.132816
distilbert-base-cased,ieee,prep1_aug0,seed_90995999,0.154054
distilbert-base-cased,ieee,prep1_aug0,seed_99511865,0.155398
distilbert-base-uncased,ieee,prep1_aug0,seed_14298463,0.212873
distilbert-base-uncased,ieee,prep1_aug0,seed_24677315,0.129974
distilbert-base-uncased,ieee,prep1_aug0,seed_37622020,0.147841
distilbert-base-uncased,ieee,prep1_aug0,seed_43782163,0.188239
distilbert-base-uncased,ieee,prep1_aug0,seed_52680723,0.144821
distilbert-base-uncased,ieee,prep1_aug0,seed_67351593,0.213259
distilbert-base-uncased,ieee,prep1_aug0,seed_70681460,0.201959
distilbert-base-uncased,ieee,prep1_aug0,seed_87212562,0.151417
distilbert-base-uncased,ieee,prep1_aug0,seed_90995999,0.214036
distilbert-base-uncased,ieee,prep1_aug0,seed_99511865,0.130199
google/mobilebert-uncased,ieee,prep1_aug0,seed_14298463,0.288861
google/mobilebert-uncased,ieee,prep1_aug0,seed_24677315,0.294119
google/mobilebert-uncased,ieee,prep1_aug0,seed_37622020,0.394261
google/mobilebert-uncased,ieee,prep1_aug0,seed_43782163,0.320251
google/mobilebert-uncased,ieee,prep1_aug0,seed_52680723,0.230724
google/mobilebert-uncased,ieee,prep1_aug0,seed_67351593,0.259782
google/mobilebert-uncased,ieee,prep1_aug0,seed_70681460,0.24655
google/mobilebert-uncased,ieee,prep1_aug0,seed_87212562,0.386284
google/mobilebert-uncased,ieee,prep1_aug0,seed_90995999,0.350796
google/mobilebert-uncased,ieee,prep1_aug0,seed_99511865,0.296935
gpt2,ieee,prep1_aug0,seed_14298463,0.267042
gpt2,ieee,prep1_aug0,seed_24677315,0.315324
gpt2,ieee,prep1_aug0,seed_37622020,0.276292
gpt2,ieee,prep1_aug0,seed_43782163,0.36143
gpt2,ieee,prep1_aug0,seed_52680723,0.282623
gpt2,ieee,prep1_aug0,seed_67351593,0.262176
gpt2,ieee,prep1_aug0,seed_70681460,0.278453
gpt2,ieee,prep1_aug0,seed_87212562,0.245397
gpt2,ieee,prep1_aug0,seed_90995999,0.298002
gpt2,ieee,prep1_aug0,seed_99511865,0.260914
roberta-base,ieee,prep1_aug0,seed_14298463,0.139281
roberta-base,ieee,prep1_aug0,seed_24677315,0.115334
roberta-base,ieee,prep1_aug0,seed_37622020,0.165876
roberta-base,ieee,prep1_aug0,seed_43782163,0.095061
roberta-base,ieee,prep1_aug0,seed_52680723,0.164559
roberta-base,ieee,prep1_aug0,seed_67351593,0.154403
roberta-base,ieee,prep1_aug0,seed_70681460,0.100049
roberta-base,ieee,prep1_aug0,seed_87212562,0.104221
roberta-base,ieee,prep1_aug0,seed_90995999,0.207836
roberta-base,ieee,prep1_aug0,seed_99511865,0.134132
sarkerlab/SocBERT-base,ieee,prep1_aug0,seed_14298463,0.354348
sarkerlab/SocBERT-base,ieee,prep1_aug0,seed_24677315,0.186063
sarkerlab/SocBERT-base,ieee,prep1_aug0,seed_37622020,0.304191
sarkerlab/SocBERT-base,ieee,prep1_aug0,seed_43782163,0.228765
sarkerlab/SocBERT-base,ieee,prep1_aug0,seed_52680723,0.370841
sarkerlab/SocBERT-base,ieee,prep1_aug0,seed_67351593,0.190984
sarkerlab/SocBERT-base,ieee,prep1_aug0,seed_70681460,0.212881
sarkerlab/SocBERT-base,ieee,prep1_aug0,seed_87212562,0.22863
sarkerlab/SocBERT-base,ieee,prep1_aug0,seed_90995999,0.371364
sarkerlab/SocBERT-base,ieee,prep1_aug0,seed_99511865,0.185623
vinai/bertweet-base,ieee,prep1_aug0,seed_14298463,0.094934
vinai/bertweet-base,ieee,prep1_aug0,seed_24677315,0.333193
vinai/bertweet-base,ieee,prep1_aug0,seed_37622020,0.10475
vinai/bertweet-base,ieee,prep1_aug0,seed_43782163,0.295247
vinai/bertweet-base,ieee,prep1_aug0,seed_52680723,0.238278
vinai/bertweet-base,ieee,prep1_aug0,seed_67351593,0.222118
vinai/bertweet-base,ieee,prep1_aug0,seed_70681460,0.299123
vinai/bertweet-base,ieee,prep1_aug0,seed_87212562,0.175297
vinai/bertweet-base,ieee,prep1_aug0,seed_90995999,0.238995
vinai/bertweet-base,ieee,prep1_aug0,seed_99511865,0.150162
xlnet-base-cased,ieee,prep1_aug0,seed_14298463,0.108985
xlnet-base-cased,ieee,prep1_aug0,seed_24677315,0.122468
xlnet-base-cased,ieee,prep1_aug0,seed_37622020,0.17934
xlnet-base-cased,ieee,prep1_aug0,seed_43782163,0.181846
xlnet-base-cased,ieee,prep1_aug0,seed_52680723,0.10583
xlnet-base-cased,ieee,prep1_aug0,seed_67351593,0.386371
xlnet-base-cased,ieee,prep1_aug0,seed_70681460,0.13883
xlnet-base-cased,ieee,prep1_aug0,seed_87212562,0.174603
xlnet-base-cased,ieee,prep1_aug0,seed_90995999,0.123114
xlnet-base-cased,ieee,prep1_aug0,seed_99511865,0.173185
GroNLP/hateBERT,kaggle,prep1_aug0,seed_14298463,0.07312
GroNLP/hateBERT,kaggle,prep1_aug0,seed_24677315,0.042267
GroNLP/hateBERT,kaggle,prep1_aug0,seed_37622020,0.052077
GroNLP/hateBERT,kaggle,prep1_aug0,seed_43782163,0.123472
GroNLP/hateBERT,kaggle,prep1_aug0,seed_52680723,0.043292
GroNLP/hateBERT,kaggle,prep1_aug0,seed_67351593,0.131523
GroNLP/hateBERT,kaggle,prep1_aug0,seed_70681460,0.095936
GroNLP/hateBERT,kaggle,prep1_aug0,seed_87212562,0.113204
GroNLP/hateBERT,kaggle,prep1_aug0,seed_90995999,0.144978
GroNLP/hateBERT,kaggle,prep1_aug0,seed_99511865,0.044006
Twitter/twhin-bert-base,kaggle,prep1_aug0,seed_14298463,0.136607
Twitter/twhin-bert-base,kaggle,prep1_aug0,seed_24677315,0.156061
Twitter/twhin-bert-base,kaggle,prep1_aug0,seed_37622020,0.045016
Twitter/twhin-bert-base,kaggle,prep1_aug0,seed_43782163,0.048108
Twitter/twhin-bert-base,kaggle,prep1_aug0,seed_52680723,0.112667
Twitter/twhin-bert-base,kaggle,prep1_aug0,seed_67351593,0.03208
Twitter/twhin-bert-base,kaggle,prep1_aug0,seed_70681460,0.131629
Twitter/twhin-bert-base,kaggle,prep1_aug0,seed_87212562,0.025472
Twitter/twhin-bert-base,kaggle,prep1_aug0,seed_90995999,0.052061
Twitter/twhin-bert-base,kaggle,prep1_aug0,seed_99511865,0.088248
albert/albert-base-v2,kaggle,prep1_aug0,seed_14298463,0.090468
albert/albert-base-v2,kaggle,prep1_aug0,seed_24677315,0.097876
albert/albert-base-v2,kaggle,prep1_aug0,seed_37622020,0.08817
albert/albert-base-v2,kaggle,prep1_aug0,seed_43782163,0.05583
albert/albert-base-v2,kaggle,prep1_aug0,seed_52680723,0.105963
albert/albert-base-v2,kaggle,prep1_aug0,seed_67351593,0.045309
albert/albert-base-v2,kaggle,prep1_aug0,seed_70681460,0.107539
albert/albert-base-v2,kaggle,prep1_aug0,seed_87212562,0.160627
albert/albert-base-v2,kaggle,prep1_aug0,seed_90995999,0.120491
albert/albert-base-v2,kaggle,prep1_aug0,seed_99511865,0.127057
all-MiniLM-L12-v2,kaggle,prep1_aug0,seed_14298463,0.157166
all-MiniLM-L12-v2,kaggle,prep1_aug0,seed_24677315,0.127258
all-MiniLM-L12-v2,kaggle,prep1_aug0,seed_37622020,0.054683
all-MiniLM-L12-v2,kaggle,prep1_aug0,seed_43782163,0.116182
all-MiniLM-L12-v2,kaggle,prep1_aug0,seed_52680723,0.093454
all-MiniLM-L12-v2,kaggle,prep1_aug0,seed_67351593,0.058598
all-MiniLM-L12-v2,kaggle,prep1_aug0,seed_70681460,0.074702
all-MiniLM-L12-v2,kaggle,prep1_aug0,seed_87212562,0.076943
all-MiniLM-L12-v2,kaggle,prep1_aug0,seed_90995999,0.107951
all-MiniLM-L12-v2,kaggle,prep1_aug0,seed_99511865,0.059068
all-MiniLM-L6-v2,kaggle,prep1_aug0,seed_14298463,0.078873
all-MiniLM-L6-v2,kaggle,prep1_aug0,seed_24677315,0.156611
all-MiniLM-L6-v2,kaggle,prep1_aug0,seed_37622020,0.08598
all-MiniLM-L6-v2,kaggle,prep1_aug0,seed_43782163,0.099987
all-MiniLM-L6-v2,kaggle,prep1_aug0,seed_52680723,0.077433
all-MiniLM-L6-v2,kaggle,prep1_aug0,seed_67351593,0.063326
all-MiniLM-L6-v2,kaggle,prep1_aug0,seed_70681460,0.069663
all-MiniLM-L6-v2,kaggle,prep1_aug0,seed_87212562,0.065197
all-MiniLM-L6-v2,kaggle,prep1_aug0,seed_90995999,0.100394
all-MiniLM-L6-v2,kaggle,prep1_aug0,seed_99511865,0.146299
all-distilroberta-v1,kaggle,prep1_aug0,seed_14298463,0.178975
all-distilroberta-v1,kaggle,prep1_aug0,seed_24677315,0.094812
all-distilroberta-v1,kaggle,prep1_aug0,seed_37622020,0.09862
all-distilroberta-v1,kaggle,prep1_aug0,seed_43782163,0.047674
all-distilroberta-v1,kaggle,prep1_aug0,seed_52680723,0.051579
all-distilroberta-v1,kaggle,prep1_aug0,seed_67351593,0.063494
all-distilroberta-v1,kaggle,prep1_aug0,seed_70681460,0.138494
all-distilroberta-v1,kaggle,prep1_aug0,seed_87212562,0.084728
all-distilroberta-v1,kaggle,prep1_aug0,seed_90995999,0.063197
all-distilroberta-v1,kaggle,prep1_aug0,seed_99511865,0.051661
all-mpnet-base-v2,kaggle,prep1_aug0,seed_14298463,0.115654
all-mpnet-base-v2,kaggle,prep1_aug0,seed_24677315,0.063171
all-mpnet-base-v2,kaggle,prep1_aug0,seed_37622020,0.08563
all-mpnet-base-v2,kaggle,prep1_aug0,seed_43782163,0.045406
all-mpnet-base-v2,kaggle,prep1_aug0,seed_52680723,0.043064
all-mpnet-base-v2,kaggle,prep1_aug0,seed_67351593,0.052583
all-mpnet-base-v2,kaggle,prep1_aug0,seed_70681460,0.097311
all-mpnet-base-v2,kaggle,prep1_aug0,seed_87212562,0.170053
all-mpnet-base-v2,kaggle,prep1_aug0,seed_90995999,0.06662
all-mpnet-base-v2,kaggle,prep1_aug0,seed_99511865,0.128846
answerdotai/ModernBERT-base,kaggle,prep1_aug0,seed_14298463,0.062633
answerdotai/ModernBERT-base,kaggle,prep1_aug0,seed_24677315,0.053836
answerdotai/ModernBERT-base,kaggle,prep1_aug0,seed_37622020,0.0616
answerdotai/ModernBERT-base,kaggle,prep1_aug0,seed_43782163,0.188657
answerdotai/ModernBERT-base,kaggle,prep1_aug0,seed_52680723,0.092754
answerdotai/ModernBERT-base,kaggle,prep1_aug0,seed_67351593,0.048992
answerdotai/ModernBERT-base,kaggle,prep1_aug0,seed_70681460,0.076407
answerdotai/ModernBERT-base,kaggle,prep1_aug0,seed_87212562,0.041665
answerdotai/ModernBERT-base,kaggle,prep1_aug0,seed_90995999,0.060946
answerdotai/ModernBERT-base,kaggle,prep1_aug0,seed_99511865,0.177956
bert-base-cased,kaggle,prep1_aug0,seed_14298463,0.061032
bert-base-cased,kaggle,prep1_aug0,seed_24677315,0.062986
bert-base-cased,kaggle,prep1_aug0,seed_37622020,0.054583
bert-base-cased,kaggle,prep1_aug0,seed_43782163,0.168547
bert-base-cased,kaggle,prep1_aug0,seed_52680723,0.047774
bert-base-cased,kaggle,prep1_aug0,seed_67351593,0.038945
bert-base-cased,kaggle,prep1_aug0,seed_70681460,0.030313
bert-base-cased,kaggle,prep1_aug0,seed_87212562,0.212993
bert-base-cased,kaggle,prep1_aug0,seed_90995999,0.06247
bert-base-cased,kaggle,prep1_aug0,seed_99511865,0.070954
bert-base-uncased,kaggle,prep1_aug0,seed_14298463,0.055474
bert-base-uncased,kaggle,prep1_aug0,seed_24677315,0.129968
bert-base-uncased,kaggle,prep1_aug0,seed_37622020,0.050148
bert-base-uncased,kaggle,prep1_aug0,seed_43782163,0.123994
bert-base-uncased,kaggle,prep1_aug0,seed_52680723,0.157785
bert-base-uncased,kaggle,prep1_aug0,seed_67351593,0.040759
bert-base-uncased,kaggle,prep1_aug0,seed_70681460,0.122099
bert-base-uncased,kaggle,prep1_aug0,seed_87212562,0.037501
bert-base-uncased,kaggle,prep1_aug0,seed_90995999,0.054514
bert-base-uncased,kaggle,prep1_aug0,seed_99511865,0.022619
chandar-lab/NeoBERT,kaggle,prep1_aug0,seed_14298463,0.144593
chandar-lab/NeoBERT,kaggle,prep1_aug0,seed_24677315,0.046776
chandar-lab/NeoBERT,kaggle,prep1_aug0,seed_37622020,0.026611
chandar-lab/NeoBERT,kaggle,prep1_aug0,seed_43782163,0.129384
chandar-lab/NeoBERT,kaggle,prep1_aug0,seed_52680723,0.056164
chandar-lab/NeoBERT,kaggle,prep1_aug0,seed_67351593,0.026546
chandar-lab/NeoBERT,kaggle,prep1_aug0,seed_70681460,0.139851
chandar-lab/NeoBERT,kaggle,prep1_aug0,seed_87212562,0.039311
chandar-lab/NeoBERT,kaggle,prep1_aug0,seed_90995999,0.150193
chandar-lab/NeoBERT,kaggle,prep1_aug0,seed_99511865,0.034414
distilbert-base-cased,kaggle,prep1_aug0,seed_14298463,0.059343
distilbert-base-cased,kaggle,prep1_aug0,seed_24677315,0.057782
distilbert-base-cased,kaggle,prep1_aug0,seed_37622020,0.099486
distilbert-base-cased,kaggle,prep1_aug0,seed_43782163,0.077563
distilbert-base-cased,kaggle,prep1_aug0,seed_52680723,0.163497
distilbert-base-cased,kaggle,prep1_aug0,seed_67351593,0.052471
distilbert-base-cased,kaggle,prep1_aug0,seed_70681460,0.158403
distilbert-base-cased,kaggle,prep1_aug0,seed_87212562,0.148532
distilbert-base-cased,kaggle,prep1_aug0,seed_90995999,0.051677
distilbert-base-cased,kaggle,prep1_aug0,seed_99511865,0.139042
distilbert-base-uncased,kaggle,prep1_aug0,seed_14298463,0.169311
distilbert-base-uncased,kaggle,prep1_aug0,seed_24677315,0.049285
distilbert-base-uncased,kaggle,prep1_aug0,seed_37622020,0.136801
distilbert-base-uncased,kaggle,prep1_aug0,seed_43782163,0.037986
distilbert-base-uncased,kaggle,prep1_aug0,seed_52680723,0.042398
distilbert-base-uncased,kaggle,prep1_aug0,seed_67351593,0.046823
distilbert-base-uncased,kaggle,prep1_aug0,seed_70681460,0.108192
distilbert-base-uncased,kaggle,prep1_aug0,seed_87212562,0.146149
distilbert-base-uncased,kaggle,prep1_aug0,seed_90995999,0.150365
distilbert-base-uncased,kaggle,prep1_aug0,seed_99511865,0.039368
google/mobilebert-uncased,kaggle,prep1_aug0,seed_14298463,0.136963
google/mobilebert-uncased,kaggle,prep1_aug0,seed_24677315,0.107127
google/mobilebert-uncased,kaggle,prep1_aug0,seed_37622020,0.133585
google/mobilebert-uncased,kaggle,prep1_aug0,seed_43782163,0.086516
google/mobilebert-uncased,kaggle,prep1_aug0,seed_52680723,0.080811
google/mobilebert-uncased,kaggle,prep1_aug0,seed_67351593,0.07957
google/mobilebert-uncased,kaggle,prep1_aug0,seed_70681460,0.081324
google/mobilebert-uncased,kaggle,prep1_aug0,seed_87212562,0.070204
google/mobilebert-uncased,kaggle,prep1_aug0,seed_90995999,0.080134
google/mobilebert-uncased,kaggle,prep1_aug0,seed_99511865,0.114423
gpt2,kaggle,prep1_aug0,seed_14298463,0.115152
gpt2,kaggle,prep1_aug0,seed_24677315,0.088828
gpt2,kaggle,prep1_aug0,seed_37622020,0.115156
gpt2,kaggle,prep1_aug0,seed_43782163,0.188239
gpt2,kaggle,prep1_aug0,seed_52680723,0.109206
gpt2,kaggle,prep1_aug0,seed_67351593,0.151539
gpt2,kaggle,prep1_aug0,seed_70681460,0.168032
gpt2,kaggle,prep1_aug0,seed_87212562,0.171117
gpt2,kaggle,prep1_aug0,seed_90995999,0.092733
gpt2,kaggle,prep1_aug0,seed_99511865,0.091487
roberta-base,kaggle,prep1_aug0,seed_14298463,0.069521
roberta-base,kaggle,prep1_aug0,seed_24677315,0.072204
roberta-base,kaggle,prep1_aug0,seed_37622020,0.100982
roberta-base,kaggle,prep1_aug0,seed_43782163,0.040737
roberta-base,kaggle,prep1_aug0,seed_52680723,0.038788
roberta-base,kaggle,prep1_aug0,seed_67351593,0.029156
roberta-base,kaggle,prep1_aug0,seed_70681460,0.123053
roberta-base,kaggle,prep1_aug0,seed_87212562,0.041865
roberta-base,kaggle,prep1_aug0,seed_90995999,0.052233
roberta-base,kaggle,prep1_aug0,seed_99511865,0.047638
sarkerlab/SocBERT-base,kaggle,prep1_aug0,seed_14298463,0.043191
sarkerlab/SocBERT-base,kaggle,prep1_aug0,seed_24677315,0.053509
sarkerlab/SocBERT-base,kaggle,prep1_aug0,seed_37622020,0.049375
sarkerlab/SocBERT-base,kaggle,prep1_aug0,seed_43782163,0.182692
sarkerlab/SocBERT-base,kaggle,prep1_aug0,seed_52680723,0.079193
sarkerlab/SocBERT-base,kaggle,prep1_aug0,seed_67351593,0.036058
sarkerlab/SocBERT-base,kaggle,prep1_aug0,seed_70681460,0.050894
sarkerlab/SocBERT-base,kaggle,prep1_aug0,seed_87212562,0.047329
sarkerlab/SocBERT-base,kaggle,prep1_aug0,seed_90995999,0.050472
sarkerlab/SocBERT-base,kaggle,prep1_aug0,seed_99511865,0.07466
vinai/bertweet-base,kaggle,prep1_aug0,seed_14298463,0.101984
vinai/bertweet-base,kaggle,prep1_aug0,seed_24677315,0.137077
vinai/bertweet-base,kaggle,prep1_aug0,seed_37622020,0.076612
vinai/bertweet-base,kaggle,prep1_aug0,seed_43782163,0.072628
vinai/bertweet-base,kaggle,prep1_aug0,seed_52680723,0.203798
vinai/bertweet-base,kaggle,prep1_aug0,seed_67351593,0.045316
vinai/bertweet-base,kaggle,prep1_aug0,seed_70681460,0.156832
vinai/bertweet-base,kaggle,prep1_aug0,seed_87212562,0.15709
vinai/bertweet-base,kaggle,prep1_aug0,seed_90995999,0.113667
vinai/bertweet-base,kaggle,prep1_aug0,seed_99511865,0.157413
xlnet-base-cased,kaggle,prep1_aug0,seed_14298463,0.059741
xlnet-base-cased,kaggle,prep1_aug0,seed_24677315,0.041183
xlnet-base-cased,kaggle,prep1_aug0,seed_37622020,0.054118
xlnet-base-cased,kaggle,prep1_aug0,seed_43782163,0.057159
xlnet-base-cased,kaggle,prep1_aug0,seed_52680723,0.057249
xlnet-base-cased,kaggle,prep1_aug0,seed_67351593,0.073146
xlnet-base-cased,kaggle,prep1_aug0,seed_70681460,0.083049
xlnet-base-cased,kaggle,prep1_aug0,seed_87212562,0.12796
xlnet-base-cased,kaggle,prep1_aug0,seed_90995999,0.163295
xlnet-base-cased,kaggle,prep1_aug0,seed_99511865,0.071885
GroNLP/hateBERT,tweeteval,prep1_aug0,seed_14298463,0.201646
GroNLP/hateBERT,tweeteval,prep1_aug0,seed_24677315,0.031697
GroNLP/hateBERT,tweeteval,prep1_aug0,seed_37622020,0.035499
GroNLP/hateBERT,tweeteval,prep1_aug0,seed_43782163,0.046048
GroNLP/hateBERT,tweeteval,prep1_aug0,seed_52680723,0.03221
GroNLP/hateBERT,tweeteval,prep1_aug0,seed_67351593,0.029707
GroNLP/hateBERT,tweeteval,prep1_aug0,seed_70681460,0.03505
GroNLP/hateBERT,tweeteval,prep1_aug0,seed_87212562,0.030713
GroNLP/hateBERT,tweeteval,prep1_aug0,seed_90995999,0.036608
GroNLP/hateBERT,tweeteval,prep1_aug0,seed_99511865,0.038076
Twitter/twhin-bert-base,tweeteval,prep1_aug0,seed_14298463,0.089508
Twitter/twhin-bert-base,tweeteval,prep1_aug0,seed_24677315,0.131534
Twitter/twhin-bert-base,tweeteval,prep1_aug0,seed_37622020,0.140843
Twitter/twhin-bert-base,tweeteval,prep1_aug0,seed_43782163,0.032455
Twitter/twhin-bert-base,tweeteval,prep1_aug0,seed_52680723,0.052877
Twitter/twhin-bert-base,tweeteval,prep1_aug0,seed_67351593,0.063098
Twitter/twhin-bert-base,tweeteval,prep1_aug0,seed_70681460,0.027858
Twitter/twhin-bert-base,tweeteval,prep1_aug0,seed_87212562,0.096546
Twitter/twhin-bert-base,tweeteval,prep1_aug0,seed_90995999,0.032806
Twitter/twhin-bert-base,tweeteval,prep1_aug0,seed_99511865,0.059686
albert/albert-base-v2,tweeteval,prep1_aug0,seed_14298463,0.113801
albert/albert-base-v2,tweeteval,prep1_aug0,seed_24677315,0.115445
albert/albert-base-v2,tweeteval,prep1_aug0,seed_37622020,0.055249
albert/albert-base-v2,tweeteval,prep1_aug0,seed_43782163,0.060211
albert/albert-base-v2,tweeteval,prep1_aug0,seed_52680723,0.118279
albert/albert-base-v2,tweeteval,prep1_aug0,seed_67351593,0.036083
albert/albert-base-v2,tweeteval,prep1_aug0,seed_70681460,0.077104
albert/albert-base-v2,tweeteval,prep1_aug0,seed_87212562,0.079226
albert/albert-base-v2,tweeteval,prep1_aug0,seed_90995999,0.097175
albert/albert-base-v2,tweeteval,prep1_aug0,seed_99511865,0.072886
all-MiniLM-L12-v2,tweeteval,prep1_aug0,seed_14298463,0.093292
all-MiniLM-L12-v2,tweeteval,prep1_aug0,seed_24677315,0.167829
all-MiniLM-L12-v2,tweeteval,prep1_aug0,seed_37622020,0.037473
all-MiniLM-L12-v2,tweeteval,prep1_aug0,seed_43782163,0.090416
all-MiniLM-L12-v2,tweeteval,prep1_aug0,seed_52680723,0.126363
all-MiniLM-L12-v2,tweeteval,prep1_aug0,seed_67351593,0.042003
all-MiniLM-L12-v2,tweeteval,prep1_aug0,seed_70681460,0.108142
all-MiniLM-L12-v2,tweeteval,prep1_aug0,seed_87212562,0.102131
all-MiniLM-L12-v2,tweeteval,prep1_aug0,seed_90995999,0.118928
all-MiniLM-L12-v2,tweeteval,prep1_aug0,seed_99511865,0.231411
all-MiniLM-L6-v2,tweeteval,prep1_aug0,seed_14298463,0.090192
all-MiniLM-L6-v2,tweeteval,prep1_aug0,seed_24677315,0.082432
all-MiniLM-L6-v2,tweeteval,prep1_aug0,seed_37622020,0.046562
all-MiniLM-L6-v2,tweeteval,prep1_aug0,seed_43782163,0.107028
all-MiniLM-L6-v2,tweeteval,prep1_aug0,seed_52680723,0.076033
all-MiniLM-L6-v2,tweeteval,prep1_aug0,seed_67351593,0.046687
all-MiniLM-L6-v2,tweeteval,prep1_aug0,seed_70681460,0.051493
all-MiniLM-L6-v2,tweeteval,prep1_aug0,seed_87212562,0.048316
all-MiniLM-L6-v2,tweeteval,prep1_aug0,seed_90995999,0.169941
all-MiniLM-L6-v2,tweeteval,prep1_aug0,seed_99511865,0.170178
all-distilroberta-v1,tweeteval,prep1_aug0,seed_14298463,0.121776
all-distilroberta-v1,tweeteval,prep1_aug0,seed_24677315,0.037664
all-distilroberta-v1,tweeteval,prep1_aug0,seed_37622020,0.03784
all-distilroberta-v1,tweeteval,prep1_aug0,seed_43782163,0.163694
all-distilroberta-v1,tweeteval,prep1_aug0,seed_52680723,0.056912
all-distilroberta-v1,tweeteval,prep1_aug0,seed_67351593,0.211453
all-distilroberta-v1,tweeteval,prep1_aug0,seed_70681460,0.117292
all-distilroberta-v1,tweeteval,prep1_aug0,seed_87212562,0.106942
all-distilroberta-v1,tweeteval,prep1_aug0,seed_90995999,0.036803
all-distilroberta-v1,tweeteval,prep1_aug0,seed_99511865,0.035122
all-mpnet-base-v2,tweeteval,prep1_aug0,seed_14298463,0.058889
all-mpnet-base-v2,tweeteval,prep1_aug0,seed_24677315,0.086231
all-mpnet-base-v2,tweeteval,prep1_aug0,seed_37622020,0.029314
all-mpnet-base-v2,tweeteval,prep1_aug0,seed_43782163,0.038721
all-mpnet-base-v2,tweeteval,prep1_aug0,seed_52680723,0.079695
all-mpnet-base-v2,tweeteval,prep1_aug0,seed_67351593,0.043392
all-mpnet-base-v2,tweeteval,prep1_aug0,seed_70681460,0.034919
all-mpnet-base-v2,tweeteval,prep1_aug0,seed_87212562,0.114299
all-mpnet-base-v2,tweeteval,prep1_aug0,seed_90995999,0.037865
all-mpnet-base-v2,tweeteval,prep1_aug0,seed_99511865,0.032509
answerdotai/ModernBERT-base,tweeteval,prep1_aug0,seed_14298463,0.044995
answerdotai/ModernBERT-base,tweeteval,prep1_aug0,seed_24677315,0.04098
answerdotai/ModernBERT-base,tweeteval,prep1_aug0,seed_37622020,0.042508
answerdotai/ModernBERT-base,tweeteval,prep1_aug0,seed_43782163,0.048433
answerdotai/ModernBERT-base,tweeteval,prep1_aug0,seed_52680723,0.0379
answerdotai/ModernBERT-base,tweeteval,prep1_aug0,seed_67351593,0.112729
answerdotai/ModernBERT-base,tweeteval,prep1_aug0,seed_70681460,0.039385
answerdotai/ModernBERT-base,tweeteval,prep1_aug0,seed_87212562,0.05044
answerdotai/ModernBERT-base,tweeteval,prep1_aug0,seed_90995999,0.046946
answerdotai/ModernBERT-base,tweeteval,prep1_aug0,seed_99511865,0.043757
bert-base-cased,tweeteval,prep1_aug0,seed_14298463,0.042777
bert-base-cased,tweeteval,prep1_aug0,seed_24677315,0.123421
bert-base-cased,tweeteval,prep1_aug0,seed_37622020,0.026944
bert-base-cased,tweeteval,prep1_aug0,seed_43782163,0.02633
bert-base-cased,tweeteval,prep1_aug0,seed_52680723,0.021623
bert-base-cased,tweeteval,prep1_aug0,seed_67351593,0.047919
bert-base-cased,tweeteval,prep1_aug0,seed_70681460,0.025153
bert-base-cased,tweeteval,prep1_aug0,seed_87212562,0.02705
bert-base-cased,tweeteval,prep1_aug0,seed_90995999,0.053022
bert-base-cased,tweeteval,prep1_aug0,seed_99511865,0.037072
bert-base-uncased,tweeteval,prep1_aug0,seed_14298463,0.027163
bert-base-uncased,tweeteval,prep1_aug0,seed_24677315,0.030483
bert-base-uncased,tweeteval,prep1_aug0,seed_37622020,0.187952
bert-base-uncased,tweeteval,prep1_aug0,seed_43782163,0.070315
bert-base-uncased,tweeteval,prep1_aug0,seed_52680723,0.123673
bert-base-uncased,tweeteval,prep1_aug0,seed_67351593,0.134735
bert-base-uncased,tweeteval,prep1_aug0,seed_70681460,0.035601
bert-base-uncased,tweeteval,prep1_aug0,seed_87212562,0.025257
bert-base-uncased,tweeteval,prep1_aug0,seed_90995999,0.167381
bert-base-uncased,tweeteval,prep1_aug0,seed_99511865,0.206464
chandar-lab/NeoBERT,tweeteval,prep1_aug0,seed_14298463,0.030263
chandar-lab/NeoBERT,tweeteval,prep1_aug0,seed_24677315,0.096822
chandar-lab/NeoBERT,tweeteval,prep1_aug0,seed_37622020,0.027954
chandar-lab/NeoBERT,tweeteval,prep1_aug0,seed_43782163,0.033362
chandar-lab/NeoBERT,tweeteval,prep1_aug0,seed_52680723,0.03814
chandar-lab/NeoBERT,tweeteval,prep1_aug0,seed_67351593,0.032914
chandar-lab/NeoBERT,tweeteval,prep1_aug0,seed_70681460,0.022322
chandar-lab/NeoBERT,tweeteval,prep1_aug0,seed_87212562,0.024952
chandar-lab/NeoBERT,tweeteval,prep1_aug0,seed_90995999,0.022148
chandar-lab/NeoBERT,tweeteval,prep1_aug0,seed_99511865,0.029548
distilbert-base-cased,tweeteval,prep1_aug0,seed_14298463,0.027667
distilbert-base-cased,tweeteval,prep1_aug0,seed_24677315,0.035951
distilbert-base-cased,tweeteval,prep1_aug0,seed_37622020,0.172365
distilbert-base-cased,tweeteval,prep1_aug0,seed_43782163,0.03597
distilbert-base-cased,tweeteval,prep1_aug0,seed_52680723,0.029478
distilbert-base-cased,tweeteval,prep1_aug0,seed_67351593,0.03849
distilbert-base-cased,tweeteval,prep1_aug0,seed_70681460,0.030553
distilbert-base-cased,tweeteval,prep1_aug0,seed_87212562,0.030994
distilbert-base-cased,tweeteval,prep1_aug0,seed_90995999,0.035302
distilbert-base-cased,tweeteval,prep1_aug0,seed_99511865,0.16153
distilbert-base-uncased,tweeteval,prep1_aug0,seed_14298463,0.03858
distilbert-base-uncased,tweeteval,prep1_aug0,seed_24677315,0.122405
distilbert-base-uncased,tweeteval,prep1_aug0,seed_37622020,0.175755
distilbert-base-uncased,tweeteval,prep1_aug0,seed_43782163,0.16666
distilbert-base-uncased,tweeteval,prep1_aug0,seed_52680723,0.032679
distilbert-base-uncased,tweeteval,prep1_aug0,seed_67351593,0.036996
distilbert-base-uncased,tweeteval,prep1_aug0,seed_70681460,0.125618
distilbert-base-uncased,tweeteval,prep1_aug0,seed_87212562,0.074714
distilbert-base-uncased,tweeteval,prep1_aug0,seed_90995999,0.157666
distilbert-base-uncased,tweeteval,prep1_aug0,seed_99511865,0.179399
google/mobilebert-uncased,tweeteval,prep1_aug0,seed_14298463,0.118406
google/mobilebert-uncased,tweeteval,prep1_aug0,seed_24677315,0.113673
google/mobilebert-uncased,tweeteval,prep1_aug0,seed_37622020,0.198827
google/mobilebert-uncased,tweeteval,prep1_aug0,seed_43782163,0.060049
google/mobilebert-uncased,tweeteval,prep1_aug0,seed_52680723,0.101442
google/mobilebert-uncased,tweeteval,prep1_aug0,seed_67351593,0.056652
google/mobilebert-uncased,tweeteval,prep1_aug0,seed_70681460,0.172493
google/mobilebert-uncased,tweeteval,prep1_aug0,seed_87212562,0.095011
google/mobilebert-uncased,tweeteval,prep1_aug0,seed_90995999,0.107404
google/mobilebert-uncased,tweeteval,prep1_aug0,seed_99511865,0.140397
gpt2,tweeteval,prep1_aug0,seed_14298463,0.166695
gpt2,tweeteval,prep1_aug0,seed_24677315,0.156959
gpt2,tweeteval,prep1_aug0,seed_37622020,0.122651
gpt2,tweeteval,prep1_aug0,seed_43782163,0.128875
gpt2,tweeteval,prep1_aug0,seed_52680723,0.073284
gpt2,tweeteval,prep1_aug0,seed_67351593,0.149448
gpt2,tweeteval,prep1_aug0,seed_70681460,0.089928
gpt2,tweeteval,prep1_aug0,seed_87212562,0.153437
gpt2,tweeteval,prep1_aug0,seed_90995999,0.115294
gpt2,tweeteval,prep1_aug0,seed_99511865,0.223169
roberta-base,tweeteval,prep1_aug0,seed_14298463,0.028344
roberta-base,tweeteval,prep1_aug0,seed_24677315,0.04118
roberta-base,tweeteval,prep1_aug0,seed_37622020,0.029369
roberta-base,tweeteval,prep1_aug0,seed_43782163,0.033616
roberta-base,tweeteval,prep1_aug0,seed_52680723,0.091266
roberta-base,tweeteval,prep1_aug0,seed_67351593,0.092833
roberta-base,tweeteval,prep1_aug0,seed_70681460,0.0439
roberta-base,tweeteval,prep1_aug0,seed_87212562,0.123568
roberta-base,tweeteval,prep1_aug0,seed_90995999,0.041718
roberta-base,tweeteval,prep1_aug0,seed_99511865,0.059963
sarkerlab/SocBERT-base,tweeteval,prep1_aug0,seed_14298463,0.034108
sarkerlab/SocBERT-base,tweeteval,prep1_aug0,seed_24677315,0.206967
sarkerlab/SocBERT-base,tweeteval,prep1_aug0,seed_37622020,0.046935
sarkerlab/SocBERT-base,tweeteval,prep1_aug0,seed_43782163,0.04973
sarkerlab/SocBERT-base,tweeteval,prep1_aug0,seed_52680723,0.02864
sarkerlab/SocBERT-base,tweeteval,prep1_aug0,seed_67351593,0.043395
sarkerlab/SocBERT-base,tweeteval,prep1_aug0,seed_70681460,0.03196
sarkerlab/SocBERT-base,tweeteval,prep1_aug0,seed_87212562,0.037177
sarkerlab/SocBERT-base,tweeteval,prep1_aug0,seed_90995999,0.043749
sarkerlab/SocBERT-base,tweeteval,prep1_aug0,seed_99511865,0.061705
vinai/bertweet-base,tweeteval,prep1_aug0,seed_14298463,0.037116
vinai/bertweet-base,tweeteval,prep1_aug0,seed_24677315,0.047246
vinai/bertweet-base,tweeteval,prep1_aug0,seed_37622020,0.14309
vinai/bertweet-base,tweeteval,prep1_aug0,seed_43782163,0.071297
vinai/bertweet-base,tweeteval,prep1_aug0,seed_52680723,0.136405
vinai/bertweet-base,tweeteval,prep1_aug0,seed_67351593,0.118264
vinai/bertweet-base,tweeteval,prep1_aug0,seed_70681460,0.103383
vinai/bertweet-base,tweeteval,prep1_aug0,seed_87212562,0.031574
vinai/bertweet-base,tweeteval,prep1_aug0,seed_90995999,0.043219
vinai/bertweet-base,tweeteval,prep1_aug0,seed_99511865,0.191789
xlnet-base-cased,tweeteval,prep1_aug0,seed_14298463,0.100764
xlnet-base-cased,tweeteval,prep1_aug0,seed_24677315,0.041519
xlnet-base-cased,tweeteval,prep1_aug0,seed_37622020,0.086362
xlnet-base-cased,tweeteval,prep1_aug0,seed_43782163,0.06609
xlnet-base-cased,tweeteval,prep1_aug0,seed_52680723,0.135408
xlnet-base-cased,tweeteval,prep1_aug0,seed_67351593,0.120132
xlnet-base-cased,tweeteval,prep1_aug0,seed_70681460,0.035292
xlnet-base-cased,tweeteval,prep1_aug0,seed_87212562,0.10091
xlnet-base-cased,tweeteval,prep1_aug0,seed_90995999,0.070929
xlnet-base-cased,tweeteval,prep1_aug0,seed_99511865,0.140016
