Model,Dataset,Config,Seed,ECE
GroNLP/hateBERT,ieee,prep0_aug0,seed_14298463,0.076427
GroNLP/hateBERT,ieee,prep0_aug0,seed_24677315,0.127245
GroNLP/hateBERT,ieee,prep0_aug0,seed_37622020,0.070279
GroNLP/hateBERT,ieee,prep0_aug0,seed_43782163,0.117077
GroNLP/hateBERT,ieee,prep0_aug0,seed_52680723,0.118506
GroNLP/hateBERT,ieee,prep0_aug0,seed_67351593,0.131046
GroNLP/hateBERT,ieee,prep0_aug0,seed_70681460,0.109589
GroNLP/hateBERT,ieee,prep0_aug0,seed_87212562,0.048758
GroNLP/hateBERT,ieee,prep0_aug0,seed_90995999,0.133789
GroNLP/hateBERT,ieee,prep0_aug0,seed_99511865,0.118931
Twitter/twhin-bert-base,ieee,prep0_aug0,seed_14298463,0.147957
Twitter/twhin-bert-base,ieee,prep0_aug0,seed_24677315,0.138618
Twitter/twhin-bert-base,ieee,prep0_aug0,seed_37622020,0.121003
Twitter/twhin-bert-base,ieee,prep0_aug0,seed_43782163,0.123531
Twitter/twhin-bert-base,ieee,prep0_aug0,seed_52680723,0.134183
Twitter/twhin-bert-base,ieee,prep0_aug0,seed_67351593,0.112748
Twitter/twhin-bert-base,ieee,prep0_aug0,seed_70681460,0.136573
Twitter/twhin-bert-base,ieee,prep0_aug0,seed_87212562,0.088708
Twitter/twhin-bert-base,ieee,prep0_aug0,seed_90995999,0.126151
Twitter/twhin-bert-base,ieee,prep0_aug0,seed_99511865,0.092588
albert/albert-base-v2,ieee,prep0_aug0,seed_14298463,0.119827
albert/albert-base-v2,ieee,prep0_aug0,seed_24677315,0.109261
albert/albert-base-v2,ieee,prep0_aug0,seed_37622020,0.116487
albert/albert-base-v2,ieee,prep0_aug0,seed_43782163,0.102797
albert/albert-base-v2,ieee,prep0_aug0,seed_52680723,0.132093
albert/albert-base-v2,ieee,prep0_aug0,seed_67351593,0.138862
albert/albert-base-v2,ieee,prep0_aug0,seed_70681460,0.131849
albert/albert-base-v2,ieee,prep0_aug0,seed_87212562,0.12962
albert/albert-base-v2,ieee,prep0_aug0,seed_90995999,0.126149
albert/albert-base-v2,ieee,prep0_aug0,seed_99511865,0.127594
all-MiniLM-L12-v2,ieee,prep0_aug0,seed_14298463,0.095574
all-MiniLM-L12-v2,ieee,prep0_aug0,seed_24677315,0.084271
all-MiniLM-L12-v2,ieee,prep0_aug0,seed_37622020,0.089362
all-MiniLM-L12-v2,ieee,prep0_aug0,seed_43782163,0.141932
all-MiniLM-L12-v2,ieee,prep0_aug0,seed_52680723,0.080322
all-MiniLM-L12-v2,ieee,prep0_aug0,seed_67351593,0.077237
all-MiniLM-L12-v2,ieee,prep0_aug0,seed_70681460,0.068713
all-MiniLM-L12-v2,ieee,prep0_aug0,seed_87212562,0.07857
all-MiniLM-L12-v2,ieee,prep0_aug0,seed_90995999,0.093422
all-MiniLM-L12-v2,ieee,prep0_aug0,seed_99511865,0.079383
all-MiniLM-L6-v2,ieee,prep0_aug0,seed_14298463,0.081284
all-MiniLM-L6-v2,ieee,prep0_aug0,seed_24677315,0.092815
all-MiniLM-L6-v2,ieee,prep0_aug0,seed_37622020,0.111698
all-MiniLM-L6-v2,ieee,prep0_aug0,seed_43782163,0.085704
all-MiniLM-L6-v2,ieee,prep0_aug0,seed_52680723,0.082862
all-MiniLM-L6-v2,ieee,prep0_aug0,seed_67351593,0.077761
all-MiniLM-L6-v2,ieee,prep0_aug0,seed_70681460,0.094296
all-MiniLM-L6-v2,ieee,prep0_aug0,seed_87212562,0.107353
all-MiniLM-L6-v2,ieee,prep0_aug0,seed_90995999,0.115596
all-MiniLM-L6-v2,ieee,prep0_aug0,seed_99511865,0.110728
all-distilroberta-v1,ieee,prep0_aug0,seed_14298463,0.100071
all-distilroberta-v1,ieee,prep0_aug0,seed_24677315,0.038704
all-distilroberta-v1,ieee,prep0_aug0,seed_37622020,0.065031
all-distilroberta-v1,ieee,prep0_aug0,seed_43782163,0.105391
all-distilroberta-v1,ieee,prep0_aug0,seed_52680723,0.106782
all-distilroberta-v1,ieee,prep0_aug0,seed_67351593,0.106424
all-distilroberta-v1,ieee,prep0_aug0,seed_70681460,0.104308
all-distilroberta-v1,ieee,prep0_aug0,seed_87212562,0.078707
all-distilroberta-v1,ieee,prep0_aug0,seed_90995999,0.109933
all-distilroberta-v1,ieee,prep0_aug0,seed_99511865,0.097027
all-mpnet-base-v2,ieee,prep0_aug0,seed_14298463,0.096146
all-mpnet-base-v2,ieee,prep0_aug0,seed_24677315,0.137415
all-mpnet-base-v2,ieee,prep0_aug0,seed_37622020,0.16269
all-mpnet-base-v2,ieee,prep0_aug0,seed_43782163,0.075885
all-mpnet-base-v2,ieee,prep0_aug0,seed_52680723,0.22819
all-mpnet-base-v2,ieee,prep0_aug0,seed_67351593,0.077773
all-mpnet-base-v2,ieee,prep0_aug0,seed_70681460,0.112413
all-mpnet-base-v2,ieee,prep0_aug0,seed_87212562,0.10472
all-mpnet-base-v2,ieee,prep0_aug0,seed_90995999,0.229276
all-mpnet-base-v2,ieee,prep0_aug0,seed_99511865,0.114131
answerdotai/ModernBERT-base,ieee,prep0_aug0,seed_14298463,0.131275
answerdotai/ModernBERT-base,ieee,prep0_aug0,seed_24677315,0.1231
answerdotai/ModernBERT-base,ieee,prep0_aug0,seed_37622020,0.130911
answerdotai/ModernBERT-base,ieee,prep0_aug0,seed_43782163,0.136658
answerdotai/ModernBERT-base,ieee,prep0_aug0,seed_52680723,0.05847
answerdotai/ModernBERT-base,ieee,prep0_aug0,seed_67351593,0.125949
answerdotai/ModernBERT-base,ieee,prep0_aug0,seed_70681460,0.140264
answerdotai/ModernBERT-base,ieee,prep0_aug0,seed_87212562,0.122996
answerdotai/ModernBERT-base,ieee,prep0_aug0,seed_90995999,0.123062
answerdotai/ModernBERT-base,ieee,prep0_aug0,seed_99511865,0.100159
bert-base-cased,ieee,prep0_aug0,seed_14298463,0.066484
bert-base-cased,ieee,prep0_aug0,seed_24677315,0.097265
bert-base-cased,ieee,prep0_aug0,seed_37622020,0.138002
bert-base-cased,ieee,prep0_aug0,seed_43782163,0.129155
bert-base-cased,ieee,prep0_aug0,seed_52680723,0.132213
bert-base-cased,ieee,prep0_aug0,seed_67351593,0.072435
bert-base-cased,ieee,prep0_aug0,seed_70681460,0.151004
bert-base-cased,ieee,prep0_aug0,seed_87212562,0.129789
bert-base-cased,ieee,prep0_aug0,seed_90995999,0.133131
bert-base-cased,ieee,prep0_aug0,seed_99511865,0.140169
bert-base-uncased,ieee,prep0_aug0,seed_14298463,0.130658
bert-base-uncased,ieee,prep0_aug0,seed_24677315,0.130295
bert-base-uncased,ieee,prep0_aug0,seed_37622020,0.115789
bert-base-uncased,ieee,prep0_aug0,seed_43782163,0.129704
bert-base-uncased,ieee,prep0_aug0,seed_52680723,0.138038
bert-base-uncased,ieee,prep0_aug0,seed_67351593,0.128117
bert-base-uncased,ieee,prep0_aug0,seed_70681460,0.143045
bert-base-uncased,ieee,prep0_aug0,seed_87212562,0.128672
bert-base-uncased,ieee,prep0_aug0,seed_90995999,0.119999
bert-base-uncased,ieee,prep0_aug0,seed_99511865,0.13245
chandar-lab/NeoBERT,ieee,prep0_aug0,seed_14298463,0.116013
chandar-lab/NeoBERT,ieee,prep0_aug0,seed_24677315,0.075398
chandar-lab/NeoBERT,ieee,prep0_aug0,seed_37622020,0.045596
chandar-lab/NeoBERT,ieee,prep0_aug0,seed_43782163,0.13722
chandar-lab/NeoBERT,ieee,prep0_aug0,seed_52680723,0.126116
chandar-lab/NeoBERT,ieee,prep0_aug0,seed_67351593,0.147643
chandar-lab/NeoBERT,ieee,prep0_aug0,seed_70681460,0.133625
chandar-lab/NeoBERT,ieee,prep0_aug0,seed_87212562,0.058333
chandar-lab/NeoBERT,ieee,prep0_aug0,seed_90995999,0.127571
chandar-lab/NeoBERT,ieee,prep0_aug0,seed_99511865,0.124349
distilbert-base-cased,ieee,prep0_aug0,seed_14298463,0.156862
distilbert-base-cased,ieee,prep0_aug0,seed_24677315,0.150956
distilbert-base-cased,ieee,prep0_aug0,seed_37622020,0.089482
distilbert-base-cased,ieee,prep0_aug0,seed_43782163,0.140442
distilbert-base-cased,ieee,prep0_aug0,seed_52680723,0.153532
distilbert-base-cased,ieee,prep0_aug0,seed_67351593,0.083858
distilbert-base-cased,ieee,prep0_aug0,seed_70681460,0.124798
distilbert-base-cased,ieee,prep0_aug0,seed_87212562,0.161658
distilbert-base-cased,ieee,prep0_aug0,seed_90995999,0.146362
distilbert-base-cased,ieee,prep0_aug0,seed_99511865,0.133489
distilbert-base-uncased,ieee,prep0_aug0,seed_14298463,0.120213
distilbert-base-uncased,ieee,prep0_aug0,seed_24677315,0.134198
distilbert-base-uncased,ieee,prep0_aug0,seed_37622020,0.149585
distilbert-base-uncased,ieee,prep0_aug0,seed_43782163,0.130337
distilbert-base-uncased,ieee,prep0_aug0,seed_52680723,0.154268
distilbert-base-uncased,ieee,prep0_aug0,seed_67351593,0.119505
distilbert-base-uncased,ieee,prep0_aug0,seed_70681460,0.12261
distilbert-base-uncased,ieee,prep0_aug0,seed_87212562,0.107852
distilbert-base-uncased,ieee,prep0_aug0,seed_90995999,0.051631
distilbert-base-uncased,ieee,prep0_aug0,seed_99511865,0.098792
google/mobilebert-uncased,ieee,prep0_aug0,seed_14298463,0.103372
google/mobilebert-uncased,ieee,prep0_aug0,seed_24677315,0.123822
google/mobilebert-uncased,ieee,prep0_aug0,seed_37622020,0.143815
google/mobilebert-uncased,ieee,prep0_aug0,seed_43782163,0.140407
google/mobilebert-uncased,ieee,prep0_aug0,seed_52680723,0.153316
google/mobilebert-uncased,ieee,prep0_aug0,seed_67351593,0.118986
google/mobilebert-uncased,ieee,prep0_aug0,seed_70681460,0.043664
google/mobilebert-uncased,ieee,prep0_aug0,seed_87212562,0.131737
google/mobilebert-uncased,ieee,prep0_aug0,seed_90995999,0.054503
google/mobilebert-uncased,ieee,prep0_aug0,seed_99511865,0.134946
gpt2,ieee,prep0_aug0,seed_14298463,0.06987
gpt2,ieee,prep0_aug0,seed_24677315,0.07322
gpt2,ieee,prep0_aug0,seed_37622020,0.090384
gpt2,ieee,prep0_aug0,seed_43782163,0.097105
gpt2,ieee,prep0_aug0,seed_52680723,0.090372
gpt2,ieee,prep0_aug0,seed_67351593,0.081959
gpt2,ieee,prep0_aug0,seed_70681460,0.099604
gpt2,ieee,prep0_aug0,seed_87212562,0.084712
gpt2,ieee,prep0_aug0,seed_90995999,0.085601
gpt2,ieee,prep0_aug0,seed_99511865,0.065014
roberta-base,ieee,prep0_aug0,seed_14298463,0.142258
roberta-base,ieee,prep0_aug0,seed_24677315,0.134355
roberta-base,ieee,prep0_aug0,seed_37622020,0.128219
roberta-base,ieee,prep0_aug0,seed_43782163,0.130884
roberta-base,ieee,prep0_aug0,seed_52680723,0.158972
roberta-base,ieee,prep0_aug0,seed_67351593,0.117414
roberta-base,ieee,prep0_aug0,seed_70681460,0.145218
roberta-base,ieee,prep0_aug0,seed_87212562,0.139824
roberta-base,ieee,prep0_aug0,seed_90995999,0.122549
roberta-base,ieee,prep0_aug0,seed_99511865,0.094432
sarkerlab/SocBERT-base,ieee,prep0_aug0,seed_14298463,0.106833
sarkerlab/SocBERT-base,ieee,prep0_aug0,seed_24677315,0.102573
sarkerlab/SocBERT-base,ieee,prep0_aug0,seed_37622020,0.131921
sarkerlab/SocBERT-base,ieee,prep0_aug0,seed_43782163,0.113269
sarkerlab/SocBERT-base,ieee,prep0_aug0,seed_52680723,0.107607
sarkerlab/SocBERT-base,ieee,prep0_aug0,seed_67351593,0.113731
sarkerlab/SocBERT-base,ieee,prep0_aug0,seed_70681460,0.116319
sarkerlab/SocBERT-base,ieee,prep0_aug0,seed_87212562,0.121734
sarkerlab/SocBERT-base,ieee,prep0_aug0,seed_90995999,0.110239
sarkerlab/SocBERT-base,ieee,prep0_aug0,seed_99511865,0.111392
vinai/bertweet-base,ieee,prep0_aug0,seed_14298463,0.134323
vinai/bertweet-base,ieee,prep0_aug0,seed_24677315,0.106169
vinai/bertweet-base,ieee,prep0_aug0,seed_37622020,0.102254
vinai/bertweet-base,ieee,prep0_aug0,seed_43782163,0.117258
vinai/bertweet-base,ieee,prep0_aug0,seed_52680723,0.097459
vinai/bertweet-base,ieee,prep0_aug0,seed_67351593,0.110566
vinai/bertweet-base,ieee,prep0_aug0,seed_70681460,0.11957
vinai/bertweet-base,ieee,prep0_aug0,seed_87212562,0.115535
vinai/bertweet-base,ieee,prep0_aug0,seed_90995999,0.111531
vinai/bertweet-base,ieee,prep0_aug0,seed_99511865,0.101167
xlnet-base-cased,ieee,prep0_aug0,seed_14298463,0.128349
xlnet-base-cased,ieee,prep0_aug0,seed_24677315,0.132888
xlnet-base-cased,ieee,prep0_aug0,seed_37622020,0.138647
xlnet-base-cased,ieee,prep0_aug0,seed_43782163,0.13336
xlnet-base-cased,ieee,prep0_aug0,seed_52680723,0.148658
xlnet-base-cased,ieee,prep0_aug0,seed_67351593,0.129052
xlnet-base-cased,ieee,prep0_aug0,seed_70681460,0.153351
xlnet-base-cased,ieee,prep0_aug0,seed_87212562,0.125252
xlnet-base-cased,ieee,prep0_aug0,seed_90995999,0.134707
xlnet-base-cased,ieee,prep0_aug0,seed_99511865,0.125644
GroNLP/hateBERT,kaggle,prep0_aug0,seed_14298463,0.039545
GroNLP/hateBERT,kaggle,prep0_aug0,seed_24677315,0.033713
GroNLP/hateBERT,kaggle,prep0_aug0,seed_37622020,0.037157
GroNLP/hateBERT,kaggle,prep0_aug0,seed_43782163,0.036926
GroNLP/hateBERT,kaggle,prep0_aug0,seed_52680723,0.038375
GroNLP/hateBERT,kaggle,prep0_aug0,seed_67351593,0.036768
GroNLP/hateBERT,kaggle,prep0_aug0,seed_70681460,0.037619
GroNLP/hateBERT,kaggle,prep0_aug0,seed_87212562,0.040063
GroNLP/hateBERT,kaggle,prep0_aug0,seed_90995999,0.040141
GroNLP/hateBERT,kaggle,prep0_aug0,seed_99511865,0.037994
Twitter/twhin-bert-base,kaggle,prep0_aug0,seed_14298463,0.036389
Twitter/twhin-bert-base,kaggle,prep0_aug0,seed_24677315,0.03438
Twitter/twhin-bert-base,kaggle,prep0_aug0,seed_37622020,0.039224
Twitter/twhin-bert-base,kaggle,prep0_aug0,seed_43782163,0.03324
Twitter/twhin-bert-base,kaggle,prep0_aug0,seed_52680723,0.034488
Twitter/twhin-bert-base,kaggle,prep0_aug0,seed_67351593,0.037448
Twitter/twhin-bert-base,kaggle,prep0_aug0,seed_70681460,0.033379
Twitter/twhin-bert-base,kaggle,prep0_aug0,seed_87212562,0.037353
Twitter/twhin-bert-base,kaggle,prep0_aug0,seed_90995999,0.035386
Twitter/twhin-bert-base,kaggle,prep0_aug0,seed_99511865,0.029586
albert/albert-base-v2,kaggle,prep0_aug0,seed_14298463,0.041345
albert/albert-base-v2,kaggle,prep0_aug0,seed_24677315,0.039969
albert/albert-base-v2,kaggle,prep0_aug0,seed_37622020,0.031239
albert/albert-base-v2,kaggle,prep0_aug0,seed_43782163,0.031033
albert/albert-base-v2,kaggle,prep0_aug0,seed_52680723,0.03851
albert/albert-base-v2,kaggle,prep0_aug0,seed_67351593,0.040603
albert/albert-base-v2,kaggle,prep0_aug0,seed_70681460,0.04093
albert/albert-base-v2,kaggle,prep0_aug0,seed_87212562,0.037108
albert/albert-base-v2,kaggle,prep0_aug0,seed_90995999,0.041732
albert/albert-base-v2,kaggle,prep0_aug0,seed_99511865,0.040571
all-MiniLM-L12-v2,kaggle,prep0_aug0,seed_14298463,0.029206
all-MiniLM-L12-v2,kaggle,prep0_aug0,seed_24677315,0.033899
all-MiniLM-L12-v2,kaggle,prep0_aug0,seed_37622020,0.035739
all-MiniLM-L12-v2,kaggle,prep0_aug0,seed_43782163,0.015197
all-MiniLM-L12-v2,kaggle,prep0_aug0,seed_52680723,0.03906
all-MiniLM-L12-v2,kaggle,prep0_aug0,seed_67351593,0.035026
all-MiniLM-L12-v2,kaggle,prep0_aug0,seed_70681460,0.039621
all-MiniLM-L12-v2,kaggle,prep0_aug0,seed_87212562,0.035875
all-MiniLM-L12-v2,kaggle,prep0_aug0,seed_90995999,0.033615
all-MiniLM-L12-v2,kaggle,prep0_aug0,seed_99511865,0.033929
all-MiniLM-L6-v2,kaggle,prep0_aug0,seed_14298463,0.039273
all-MiniLM-L6-v2,kaggle,prep0_aug0,seed_24677315,0.026163
all-MiniLM-L6-v2,kaggle,prep0_aug0,seed_37622020,0.036803
all-MiniLM-L6-v2,kaggle,prep0_aug0,seed_43782163,0.034563
all-MiniLM-L6-v2,kaggle,prep0_aug0,seed_52680723,0.03385
all-MiniLM-L6-v2,kaggle,prep0_aug0,seed_67351593,0.037525
all-MiniLM-L6-v2,kaggle,prep0_aug0,seed_70681460,0.038774
all-MiniLM-L6-v2,kaggle,prep0_aug0,seed_87212562,0.029834
all-MiniLM-L6-v2,kaggle,prep0_aug0,seed_90995999,0.037506
all-MiniLM-L6-v2,kaggle,prep0_aug0,seed_99511865,0.036554
all-distilroberta-v1,kaggle,prep0_aug0,seed_14298463,0.03362
all-distilroberta-v1,kaggle,prep0_aug0,seed_24677315,0.035613
all-distilroberta-v1,kaggle,prep0_aug0,seed_37622020,0.033789
all-distilroberta-v1,kaggle,prep0_aug0,seed_43782163,0.037093
all-distilroberta-v1,kaggle,prep0_aug0,seed_52680723,0.034414
all-distilroberta-v1,kaggle,prep0_aug0,seed_67351593,0.032842
all-distilroberta-v1,kaggle,prep0_aug0,seed_70681460,0.020611
all-distilroberta-v1,kaggle,prep0_aug0,seed_87212562,0.035082
all-distilroberta-v1,kaggle,prep0_aug0,seed_90995999,0.035947
all-distilroberta-v1,kaggle,prep0_aug0,seed_99511865,0.036922
all-mpnet-base-v2,kaggle,prep0_aug0,seed_14298463,0.023582
all-mpnet-base-v2,kaggle,prep0_aug0,seed_24677315,0.037722
all-mpnet-base-v2,kaggle,prep0_aug0,seed_37622020,0.029065
all-mpnet-base-v2,kaggle,prep0_aug0,seed_43782163,0.033823
all-mpnet-base-v2,kaggle,prep0_aug0,seed_52680723,0.028779
all-mpnet-base-v2,kaggle,prep0_aug0,seed_67351593,0.019094
all-mpnet-base-v2,kaggle,prep0_aug0,seed_70681460,0.038459
all-mpnet-base-v2,kaggle,prep0_aug0,seed_87212562,0.039632
all-mpnet-base-v2,kaggle,prep0_aug0,seed_90995999,0.028659
all-mpnet-base-v2,kaggle,prep0_aug0,seed_99511865,0.033942
answerdotai/ModernBERT-base,kaggle,prep0_aug0,seed_14298463,0.037659
answerdotai/ModernBERT-base,kaggle,prep0_aug0,seed_24677315,0.033395
answerdotai/ModernBERT-base,kaggle,prep0_aug0,seed_37622020,0.037132
answerdotai/ModernBERT-base,kaggle,prep0_aug0,seed_43782163,0.038757
answerdotai/ModernBERT-base,kaggle,prep0_aug0,seed_52680723,0.036629
answerdotai/ModernBERT-base,kaggle,prep0_aug0,seed_67351593,0.037583
answerdotai/ModernBERT-base,kaggle,prep0_aug0,seed_70681460,0.022604
answerdotai/ModernBERT-base,kaggle,prep0_aug0,seed_87212562,0.034849
answerdotai/ModernBERT-base,kaggle,prep0_aug0,seed_90995999,0.031512
answerdotai/ModernBERT-base,kaggle,prep0_aug0,seed_99511865,0.039919
bert-base-cased,kaggle,prep0_aug0,seed_14298463,0.027061
bert-base-cased,kaggle,prep0_aug0,seed_24677315,0.039587
bert-base-cased,kaggle,prep0_aug0,seed_37622020,0.039291
bert-base-cased,kaggle,prep0_aug0,seed_43782163,0.037261
bert-base-cased,kaggle,prep0_aug0,seed_52680723,0.036121
bert-base-cased,kaggle,prep0_aug0,seed_67351593,0.036883
bert-base-cased,kaggle,prep0_aug0,seed_70681460,0.0369
bert-base-cased,kaggle,prep0_aug0,seed_87212562,0.037303
bert-base-cased,kaggle,prep0_aug0,seed_90995999,0.034914
bert-base-cased,kaggle,prep0_aug0,seed_99511865,0.037922
bert-base-uncased,kaggle,prep0_aug0,seed_14298463,0.040792
bert-base-uncased,kaggle,prep0_aug0,seed_24677315,0.035504
bert-base-uncased,kaggle,prep0_aug0,seed_37622020,0.036367
bert-base-uncased,kaggle,prep0_aug0,seed_43782163,0.038992
bert-base-uncased,kaggle,prep0_aug0,seed_52680723,0.036371
bert-base-uncased,kaggle,prep0_aug0,seed_67351593,0.039861
bert-base-uncased,kaggle,prep0_aug0,seed_70681460,0.036215
bert-base-uncased,kaggle,prep0_aug0,seed_87212562,0.038251
bert-base-uncased,kaggle,prep0_aug0,seed_90995999,0.019992
bert-base-uncased,kaggle,prep0_aug0,seed_99511865,0.040125
chandar-lab/NeoBERT,kaggle,prep0_aug0,seed_14298463,0.038487
chandar-lab/NeoBERT,kaggle,prep0_aug0,seed_24677315,0.041508
chandar-lab/NeoBERT,kaggle,prep0_aug0,seed_37622020,0.038119
chandar-lab/NeoBERT,kaggle,prep0_aug0,seed_43782163,0.030575
chandar-lab/NeoBERT,kaggle,prep0_aug0,seed_52680723,0.038989
chandar-lab/NeoBERT,kaggle,prep0_aug0,seed_67351593,0.030587
chandar-lab/NeoBERT,kaggle,prep0_aug0,seed_70681460,0.036824
chandar-lab/NeoBERT,kaggle,prep0_aug0,seed_87212562,0.035515
chandar-lab/NeoBERT,kaggle,prep0_aug0,seed_90995999,0.032888
chandar-lab/NeoBERT,kaggle,prep0_aug0,seed_99511865,0.040852
distilbert-base-cased,kaggle,prep0_aug0,seed_14298463,0.04058
distilbert-base-cased,kaggle,prep0_aug0,seed_24677315,0.024718
distilbert-base-cased,kaggle,prep0_aug0,seed_37622020,0.040365
distilbert-base-cased,kaggle,prep0_aug0,seed_43782163,0.037023
distilbert-base-cased,kaggle,prep0_aug0,seed_52680723,0.040721
distilbert-base-cased,kaggle,prep0_aug0,seed_67351593,0.04272
distilbert-base-cased,kaggle,prep0_aug0,seed_70681460,0.039861
distilbert-base-cased,kaggle,prep0_aug0,seed_87212562,0.041261
distilbert-base-cased,kaggle,prep0_aug0,seed_90995999,0.040644
distilbert-base-cased,kaggle,prep0_aug0,seed_99511865,0.035429
distilbert-base-uncased,kaggle,prep0_aug0,seed_14298463,0.039301
distilbert-base-uncased,kaggle,prep0_aug0,seed_24677315,0.04014
distilbert-base-uncased,kaggle,prep0_aug0,seed_37622020,0.032046
distilbert-base-uncased,kaggle,prep0_aug0,seed_43782163,0.040633
distilbert-base-uncased,kaggle,prep0_aug0,seed_52680723,0.040259
distilbert-base-uncased,kaggle,prep0_aug0,seed_67351593,0.041237
distilbert-base-uncased,kaggle,prep0_aug0,seed_70681460,0.038047
distilbert-base-uncased,kaggle,prep0_aug0,seed_87212562,0.039771
distilbert-base-uncased,kaggle,prep0_aug0,seed_90995999,0.016349
distilbert-base-uncased,kaggle,prep0_aug0,seed_99511865,0.038435
google/mobilebert-uncased,kaggle,prep0_aug0,seed_14298463,0.025454
google/mobilebert-uncased,kaggle,prep0_aug0,seed_24677315,0.027463
google/mobilebert-uncased,kaggle,prep0_aug0,seed_37622020,0.032012
google/mobilebert-uncased,kaggle,prep0_aug0,seed_43782163,0.037495
google/mobilebert-uncased,kaggle,prep0_aug0,seed_52680723,0.030154
google/mobilebert-uncased,kaggle,prep0_aug0,seed_67351593,0.02922
google/mobilebert-uncased,kaggle,prep0_aug0,seed_70681460,0.038868
google/mobilebert-uncased,kaggle,prep0_aug0,seed_87212562,0.036353
google/mobilebert-uncased,kaggle,prep0_aug0,seed_90995999,0.035386
google/mobilebert-uncased,kaggle,prep0_aug0,seed_99511865,0.03799
gpt2,kaggle,prep0_aug0,seed_14298463,0.032317
gpt2,kaggle,prep0_aug0,seed_24677315,0.035626
gpt2,kaggle,prep0_aug0,seed_37622020,0.03348
gpt2,kaggle,prep0_aug0,seed_43782163,0.034757
gpt2,kaggle,prep0_aug0,seed_52680723,0.034158
gpt2,kaggle,prep0_aug0,seed_67351593,0.03679
gpt2,kaggle,prep0_aug0,seed_70681460,0.032222
gpt2,kaggle,prep0_aug0,seed_87212562,0.033015
gpt2,kaggle,prep0_aug0,seed_90995999,0.032126
gpt2,kaggle,prep0_aug0,seed_99511865,0.038761
roberta-base,kaggle,prep0_aug0,seed_14298463,0.034615
roberta-base,kaggle,prep0_aug0,seed_24677315,0.040987
roberta-base,kaggle,prep0_aug0,seed_37622020,0.033035
roberta-base,kaggle,prep0_aug0,seed_43782163,0.038292
roberta-base,kaggle,prep0_aug0,seed_52680723,0.037344
roberta-base,kaggle,prep0_aug0,seed_67351593,0.03739
roberta-base,kaggle,prep0_aug0,seed_70681460,0.03405
roberta-base,kaggle,prep0_aug0,seed_87212562,0.037965
roberta-base,kaggle,prep0_aug0,seed_90995999,0.038487
roberta-base,kaggle,prep0_aug0,seed_99511865,0.039729
sarkerlab/SocBERT-base,kaggle,prep0_aug0,seed_14298463,0.045598
sarkerlab/SocBERT-base,kaggle,prep0_aug0,seed_24677315,0.045306
sarkerlab/SocBERT-base,kaggle,prep0_aug0,seed_37622020,0.035676
sarkerlab/SocBERT-base,kaggle,prep0_aug0,seed_43782163,0.042611
sarkerlab/SocBERT-base,kaggle,prep0_aug0,seed_52680723,0.044513
sarkerlab/SocBERT-base,kaggle,prep0_aug0,seed_67351593,0.041881
sarkerlab/SocBERT-base,kaggle,prep0_aug0,seed_70681460,0.040418
sarkerlab/SocBERT-base,kaggle,prep0_aug0,seed_87212562,0.045642
sarkerlab/SocBERT-base,kaggle,prep0_aug0,seed_90995999,0.040423
sarkerlab/SocBERT-base,kaggle,prep0_aug0,seed_99511865,0.042828
vinai/bertweet-base,kaggle,prep0_aug0,seed_14298463,0.036448
vinai/bertweet-base,kaggle,prep0_aug0,seed_24677315,0.015725
vinai/bertweet-base,kaggle,prep0_aug0,seed_37622020,0.03968
vinai/bertweet-base,kaggle,prep0_aug0,seed_43782163,0.030051
vinai/bertweet-base,kaggle,prep0_aug0,seed_52680723,0.024965
vinai/bertweet-base,kaggle,prep0_aug0,seed_67351593,0.035913
vinai/bertweet-base,kaggle,prep0_aug0,seed_70681460,0.035304
vinai/bertweet-base,kaggle,prep0_aug0,seed_87212562,0.033571
vinai/bertweet-base,kaggle,prep0_aug0,seed_90995999,0.027322
vinai/bertweet-base,kaggle,prep0_aug0,seed_99511865,0.035559
xlnet-base-cased,kaggle,prep0_aug0,seed_14298463,0.026441
xlnet-base-cased,kaggle,prep0_aug0,seed_24677315,0.037574
xlnet-base-cased,kaggle,prep0_aug0,seed_37622020,0.041121
xlnet-base-cased,kaggle,prep0_aug0,seed_43782163,0.037106
xlnet-base-cased,kaggle,prep0_aug0,seed_52680723,0.037782
xlnet-base-cased,kaggle,prep0_aug0,seed_67351593,0.042157
xlnet-base-cased,kaggle,prep0_aug0,seed_70681460,0.035783
xlnet-base-cased,kaggle,prep0_aug0,seed_87212562,0.041019
xlnet-base-cased,kaggle,prep0_aug0,seed_90995999,0.04028
xlnet-base-cased,kaggle,prep0_aug0,seed_99511865,0.040552
GroNLP/hateBERT,tweeteval,prep0_aug0,seed_14298463,0.027947
GroNLP/hateBERT,tweeteval,prep0_aug0,seed_24677315,0.02597
GroNLP/hateBERT,tweeteval,prep0_aug0,seed_37622020,0.024652
GroNLP/hateBERT,tweeteval,prep0_aug0,seed_43782163,0.026452
GroNLP/hateBERT,tweeteval,prep0_aug0,seed_52680723,0.026459
GroNLP/hateBERT,tweeteval,prep0_aug0,seed_67351593,0.02757
GroNLP/hateBERT,tweeteval,prep0_aug0,seed_70681460,0.027366
GroNLP/hateBERT,tweeteval,prep0_aug0,seed_87212562,0.027006
GroNLP/hateBERT,tweeteval,prep0_aug0,seed_90995999,0.029702
GroNLP/hateBERT,tweeteval,prep0_aug0,seed_99511865,0.027017
Twitter/twhin-bert-base,tweeteval,prep0_aug0,seed_14298463,0.026318
Twitter/twhin-bert-base,tweeteval,prep0_aug0,seed_24677315,0.027305
Twitter/twhin-bert-base,tweeteval,prep0_aug0,seed_37622020,0.026494
Twitter/twhin-bert-base,tweeteval,prep0_aug0,seed_43782163,0.02442
Twitter/twhin-bert-base,tweeteval,prep0_aug0,seed_52680723,0.028158
Twitter/twhin-bert-base,tweeteval,prep0_aug0,seed_67351593,0.025716
Twitter/twhin-bert-base,tweeteval,prep0_aug0,seed_70681460,0.028905
Twitter/twhin-bert-base,tweeteval,prep0_aug0,seed_87212562,0.022577
Twitter/twhin-bert-base,tweeteval,prep0_aug0,seed_90995999,0.026266
Twitter/twhin-bert-base,tweeteval,prep0_aug0,seed_99511865,0.027361
albert/albert-base-v2,tweeteval,prep0_aug0,seed_14298463,0.031483
albert/albert-base-v2,tweeteval,prep0_aug0,seed_24677315,0.028754
albert/albert-base-v2,tweeteval,prep0_aug0,seed_37622020,0.030418
albert/albert-base-v2,tweeteval,prep0_aug0,seed_43782163,0.03135
albert/albert-base-v2,tweeteval,prep0_aug0,seed_52680723,0.031812
albert/albert-base-v2,tweeteval,prep0_aug0,seed_67351593,0.031803
albert/albert-base-v2,tweeteval,prep0_aug0,seed_70681460,0.030903
albert/albert-base-v2,tweeteval,prep0_aug0,seed_87212562,0.032167
albert/albert-base-v2,tweeteval,prep0_aug0,seed_90995999,0.028435
albert/albert-base-v2,tweeteval,prep0_aug0,seed_99511865,0.032203
all-MiniLM-L12-v2,tweeteval,prep0_aug0,seed_14298463,0.022217
all-MiniLM-L12-v2,tweeteval,prep0_aug0,seed_24677315,0.026391
all-MiniLM-L12-v2,tweeteval,prep0_aug0,seed_37622020,0.027423
all-MiniLM-L12-v2,tweeteval,prep0_aug0,seed_43782163,0.025256
all-MiniLM-L12-v2,tweeteval,prep0_aug0,seed_52680723,0.026217
all-MiniLM-L12-v2,tweeteval,prep0_aug0,seed_67351593,0.027257
all-MiniLM-L12-v2,tweeteval,prep0_aug0,seed_70681460,0.024042
all-MiniLM-L12-v2,tweeteval,prep0_aug0,seed_87212562,0.024842
all-MiniLM-L12-v2,tweeteval,prep0_aug0,seed_90995999,0.026354
all-MiniLM-L12-v2,tweeteval,prep0_aug0,seed_99511865,0.027376
all-MiniLM-L6-v2,tweeteval,prep0_aug0,seed_14298463,0.028071
all-MiniLM-L6-v2,tweeteval,prep0_aug0,seed_24677315,0.028488
all-MiniLM-L6-v2,tweeteval,prep0_aug0,seed_37622020,0.020595
all-MiniLM-L6-v2,tweeteval,prep0_aug0,seed_43782163,0.026983
all-MiniLM-L6-v2,tweeteval,prep0_aug0,seed_52680723,0.026511
all-MiniLM-L6-v2,tweeteval,prep0_aug0,seed_67351593,0.028406
all-MiniLM-L6-v2,tweeteval,prep0_aug0,seed_70681460,0.03042
all-MiniLM-L6-v2,tweeteval,prep0_aug0,seed_87212562,0.02921
all-MiniLM-L6-v2,tweeteval,prep0_aug0,seed_90995999,0.028142
all-MiniLM-L6-v2,tweeteval,prep0_aug0,seed_99511865,0.028697
all-distilroberta-v1,tweeteval,prep0_aug0,seed_14298463,0.022819
all-distilroberta-v1,tweeteval,prep0_aug0,seed_24677315,0.022359
all-distilroberta-v1,tweeteval,prep0_aug0,seed_37622020,0.022893
all-distilroberta-v1,tweeteval,prep0_aug0,seed_43782163,0.021871
all-distilroberta-v1,tweeteval,prep0_aug0,seed_52680723,0.024016
all-distilroberta-v1,tweeteval,prep0_aug0,seed_67351593,0.02306
all-distilroberta-v1,tweeteval,prep0_aug0,seed_70681460,0.024681
all-distilroberta-v1,tweeteval,prep0_aug0,seed_87212562,0.022596
all-distilroberta-v1,tweeteval,prep0_aug0,seed_90995999,0.022983
all-distilroberta-v1,tweeteval,prep0_aug0,seed_99511865,0.022942
all-mpnet-base-v2,tweeteval,prep0_aug0,seed_14298463,0.02419
all-mpnet-base-v2,tweeteval,prep0_aug0,seed_24677315,0.023365
all-mpnet-base-v2,tweeteval,prep0_aug0,seed_37622020,0.025144
all-mpnet-base-v2,tweeteval,prep0_aug0,seed_43782163,0.025622
all-mpnet-base-v2,tweeteval,prep0_aug0,seed_52680723,0.025924
all-mpnet-base-v2,tweeteval,prep0_aug0,seed_67351593,0.025525
all-mpnet-base-v2,tweeteval,prep0_aug0,seed_70681460,0.025744
all-mpnet-base-v2,tweeteval,prep0_aug0,seed_87212562,0.023528
all-mpnet-base-v2,tweeteval,prep0_aug0,seed_90995999,0.024454
all-mpnet-base-v2,tweeteval,prep0_aug0,seed_99511865,0.024741
answerdotai/ModernBERT-base,tweeteval,prep0_aug0,seed_14298463,0.022766
answerdotai/ModernBERT-base,tweeteval,prep0_aug0,seed_24677315,0.022012
answerdotai/ModernBERT-base,tweeteval,prep0_aug0,seed_37622020,0.022693
answerdotai/ModernBERT-base,tweeteval,prep0_aug0,seed_43782163,0.023484
answerdotai/ModernBERT-base,tweeteval,prep0_aug0,seed_52680723,0.023858
answerdotai/ModernBERT-base,tweeteval,prep0_aug0,seed_67351593,0.024216
answerdotai/ModernBERT-base,tweeteval,prep0_aug0,seed_70681460,0.022393
answerdotai/ModernBERT-base,tweeteval,prep0_aug0,seed_87212562,0.023532
answerdotai/ModernBERT-base,tweeteval,prep0_aug0,seed_90995999,0.022501
answerdotai/ModernBERT-base,tweeteval,prep0_aug0,seed_99511865,0.021518
bert-base-cased,tweeteval,prep0_aug0,seed_14298463,0.025278
bert-base-cased,tweeteval,prep0_aug0,seed_24677315,0.027241
bert-base-cased,tweeteval,prep0_aug0,seed_37622020,0.026834
bert-base-cased,tweeteval,prep0_aug0,seed_43782163,0.026153
bert-base-cased,tweeteval,prep0_aug0,seed_52680723,0.028788
bert-base-cased,tweeteval,prep0_aug0,seed_67351593,0.027253
bert-base-cased,tweeteval,prep0_aug0,seed_70681460,0.027391
bert-base-cased,tweeteval,prep0_aug0,seed_87212562,0.027614
bert-base-cased,tweeteval,prep0_aug0,seed_90995999,0.026261
bert-base-cased,tweeteval,prep0_aug0,seed_99511865,0.025298
bert-base-uncased,tweeteval,prep0_aug0,seed_14298463,0.023953
bert-base-uncased,tweeteval,prep0_aug0,seed_24677315,0.027311
bert-base-uncased,tweeteval,prep0_aug0,seed_37622020,0.026624
bert-base-uncased,tweeteval,prep0_aug0,seed_43782163,0.025382
bert-base-uncased,tweeteval,prep0_aug0,seed_52680723,0.02582
bert-base-uncased,tweeteval,prep0_aug0,seed_67351593,0.025676
bert-base-uncased,tweeteval,prep0_aug0,seed_70681460,0.026395
bert-base-uncased,tweeteval,prep0_aug0,seed_87212562,0.023122
bert-base-uncased,tweeteval,prep0_aug0,seed_90995999,0.025566
bert-base-uncased,tweeteval,prep0_aug0,seed_99511865,0.023675
chandar-lab/NeoBERT,tweeteval,prep0_aug0,seed_14298463,0.027269
chandar-lab/NeoBERT,tweeteval,prep0_aug0,seed_24677315,0.027388
chandar-lab/NeoBERT,tweeteval,prep0_aug0,seed_37622020,0.027816
chandar-lab/NeoBERT,tweeteval,prep0_aug0,seed_43782163,0.026608
chandar-lab/NeoBERT,tweeteval,prep0_aug0,seed_52680723,0.027059
chandar-lab/NeoBERT,tweeteval,prep0_aug0,seed_67351593,0.025894
chandar-lab/NeoBERT,tweeteval,prep0_aug0,seed_70681460,0.024285
chandar-lab/NeoBERT,tweeteval,prep0_aug0,seed_87212562,0.026896
chandar-lab/NeoBERT,tweeteval,prep0_aug0,seed_90995999,0.02737
chandar-lab/NeoBERT,tweeteval,prep0_aug0,seed_99511865,0.025393
distilbert-base-cased,tweeteval,prep0_aug0,seed_14298463,0.028507
distilbert-base-cased,tweeteval,prep0_aug0,seed_24677315,0.028292
distilbert-base-cased,tweeteval,prep0_aug0,seed_37622020,0.029773
distilbert-base-cased,tweeteval,prep0_aug0,seed_43782163,0.029061
distilbert-base-cased,tweeteval,prep0_aug0,seed_52680723,0.028227
distilbert-base-cased,tweeteval,prep0_aug0,seed_67351593,0.027634
distilbert-base-cased,tweeteval,prep0_aug0,seed_70681460,0.028137
distilbert-base-cased,tweeteval,prep0_aug0,seed_87212562,0.024571
distilbert-base-cased,tweeteval,prep0_aug0,seed_90995999,0.027508
distilbert-base-cased,tweeteval,prep0_aug0,seed_99511865,0.028758
distilbert-base-uncased,tweeteval,prep0_aug0,seed_14298463,0.026489
distilbert-base-uncased,tweeteval,prep0_aug0,seed_24677315,0.02911
distilbert-base-uncased,tweeteval,prep0_aug0,seed_37622020,0.028925
distilbert-base-uncased,tweeteval,prep0_aug0,seed_43782163,0.026894
distilbert-base-uncased,tweeteval,prep0_aug0,seed_52680723,0.028275
distilbert-base-uncased,tweeteval,prep0_aug0,seed_67351593,0.029185
distilbert-base-uncased,tweeteval,prep0_aug0,seed_70681460,0.026138
distilbert-base-uncased,tweeteval,prep0_aug0,seed_87212562,0.023815
distilbert-base-uncased,tweeteval,prep0_aug0,seed_90995999,0.027883
distilbert-base-uncased,tweeteval,prep0_aug0,seed_99511865,0.027404
google/mobilebert-uncased,tweeteval,prep0_aug0,seed_14298463,0.029603
google/mobilebert-uncased,tweeteval,prep0_aug0,seed_24677315,0.029188
google/mobilebert-uncased,tweeteval,prep0_aug0,seed_37622020,0.02785
google/mobilebert-uncased,tweeteval,prep0_aug0,seed_43782163,0.018816
google/mobilebert-uncased,tweeteval,prep0_aug0,seed_52680723,0.026799
google/mobilebert-uncased,tweeteval,prep0_aug0,seed_67351593,0.028764
google/mobilebert-uncased,tweeteval,prep0_aug0,seed_70681460,0.029034
google/mobilebert-uncased,tweeteval,prep0_aug0,seed_87212562,0.024295
google/mobilebert-uncased,tweeteval,prep0_aug0,seed_90995999,0.027758
google/mobilebert-uncased,tweeteval,prep0_aug0,seed_99511865,0.028899
gpt2,tweeteval,prep0_aug0,seed_14298463,0.021919
gpt2,tweeteval,prep0_aug0,seed_24677315,0.022432
gpt2,tweeteval,prep0_aug0,seed_37622020,0.020923
gpt2,tweeteval,prep0_aug0,seed_43782163,0.020121
gpt2,tweeteval,prep0_aug0,seed_52680723,0.022337
gpt2,tweeteval,prep0_aug0,seed_67351593,0.021697
gpt2,tweeteval,prep0_aug0,seed_70681460,0.023746
gpt2,tweeteval,prep0_aug0,seed_87212562,0.022033
gpt2,tweeteval,prep0_aug0,seed_90995999,0.022431
gpt2,tweeteval,prep0_aug0,seed_99511865,0.021073
roberta-base,tweeteval,prep0_aug0,seed_14298463,0.023317
roberta-base,tweeteval,prep0_aug0,seed_24677315,0.023089
roberta-base,tweeteval,prep0_aug0,seed_37622020,0.023098
roberta-base,tweeteval,prep0_aug0,seed_43782163,0.020729
roberta-base,tweeteval,prep0_aug0,seed_52680723,0.023825
roberta-base,tweeteval,prep0_aug0,seed_67351593,0.023202
roberta-base,tweeteval,prep0_aug0,seed_70681460,0.022735
roberta-base,tweeteval,prep0_aug0,seed_87212562,0.023167
roberta-base,tweeteval,prep0_aug0,seed_90995999,0.02276
roberta-base,tweeteval,prep0_aug0,seed_99511865,0.022705
sarkerlab/SocBERT-base,tweeteval,prep0_aug0,seed_14298463,0.02873
sarkerlab/SocBERT-base,tweeteval,prep0_aug0,seed_24677315,0.03067
sarkerlab/SocBERT-base,tweeteval,prep0_aug0,seed_37622020,0.028259
sarkerlab/SocBERT-base,tweeteval,prep0_aug0,seed_43782163,0.028303
sarkerlab/SocBERT-base,tweeteval,prep0_aug0,seed_52680723,0.027915
sarkerlab/SocBERT-base,tweeteval,prep0_aug0,seed_67351593,0.031035
sarkerlab/SocBERT-base,tweeteval,prep0_aug0,seed_70681460,0.028464
sarkerlab/SocBERT-base,tweeteval,prep0_aug0,seed_87212562,0.030605
sarkerlab/SocBERT-base,tweeteval,prep0_aug0,seed_90995999,0.02994
sarkerlab/SocBERT-base,tweeteval,prep0_aug0,seed_99511865,0.027566
vinai/bertweet-base,tweeteval,prep0_aug0,seed_14298463,0.024884
vinai/bertweet-base,tweeteval,prep0_aug0,seed_24677315,0.026323
vinai/bertweet-base,tweeteval,prep0_aug0,seed_37622020,0.025937
vinai/bertweet-base,tweeteval,prep0_aug0,seed_43782163,0.02721
vinai/bertweet-base,tweeteval,prep0_aug0,seed_52680723,0.021973
vinai/bertweet-base,tweeteval,prep0_aug0,seed_67351593,0.026627
vinai/bertweet-base,tweeteval,prep0_aug0,seed_70681460,0.024651
vinai/bertweet-base,tweeteval,prep0_aug0,seed_87212562,0.025999
vinai/bertweet-base,tweeteval,prep0_aug0,seed_90995999,0.025144
vinai/bertweet-base,tweeteval,prep0_aug0,seed_99511865,0.026632
xlnet-base-cased,tweeteval,prep0_aug0,seed_14298463,0.029391
xlnet-base-cased,tweeteval,prep0_aug0,seed_24677315,0.028294
xlnet-base-cased,tweeteval,prep0_aug0,seed_37622020,0.027991
xlnet-base-cased,tweeteval,prep0_aug0,seed_43782163,0.026187
xlnet-base-cased,tweeteval,prep0_aug0,seed_52680723,0.027797
xlnet-base-cased,tweeteval,prep0_aug0,seed_67351593,0.027533
xlnet-base-cased,tweeteval,prep0_aug0,seed_70681460,0.029451
xlnet-base-cased,tweeteval,prep0_aug0,seed_87212562,0.029723
xlnet-base-cased,tweeteval,prep0_aug0,seed_90995999,0.026544
xlnet-base-cased,tweeteval,prep0_aug0,seed_99511865,0.026841
GroNLP/hateBERT,ieee,prep1_aug0,seed_14298463,0.063895
GroNLP/hateBERT,ieee,prep1_aug0,seed_24677315,0.129105
GroNLP/hateBERT,ieee,prep1_aug0,seed_37622020,0.113182
GroNLP/hateBERT,ieee,prep1_aug0,seed_43782163,0.116232
GroNLP/hateBERT,ieee,prep1_aug0,seed_52680723,0.124646
GroNLP/hateBERT,ieee,prep1_aug0,seed_67351593,0.102207
GroNLP/hateBERT,ieee,prep1_aug0,seed_70681460,0.124355
GroNLP/hateBERT,ieee,prep1_aug0,seed_87212562,0.097693
GroNLP/hateBERT,ieee,prep1_aug0,seed_90995999,0.108274
GroNLP/hateBERT,ieee,prep1_aug0,seed_99511865,0.118902
Twitter/twhin-bert-base,ieee,prep1_aug0,seed_14298463,0.122999
Twitter/twhin-bert-base,ieee,prep1_aug0,seed_24677315,0.106922
Twitter/twhin-bert-base,ieee,prep1_aug0,seed_37622020,0.142409
Twitter/twhin-bert-base,ieee,prep1_aug0,seed_43782163,0.177765
Twitter/twhin-bert-base,ieee,prep1_aug0,seed_52680723,0.157886
Twitter/twhin-bert-base,ieee,prep1_aug0,seed_67351593,0.131732
Twitter/twhin-bert-base,ieee,prep1_aug0,seed_70681460,0.178338
Twitter/twhin-bert-base,ieee,prep1_aug0,seed_87212562,0.124015
Twitter/twhin-bert-base,ieee,prep1_aug0,seed_90995999,0.128594
Twitter/twhin-bert-base,ieee,prep1_aug0,seed_99511865,0.149079
albert/albert-base-v2,ieee,prep1_aug0,seed_14298463,0.072868
albert/albert-base-v2,ieee,prep1_aug0,seed_24677315,0.057673
albert/albert-base-v2,ieee,prep1_aug0,seed_37622020,0.130732
albert/albert-base-v2,ieee,prep1_aug0,seed_43782163,0.1359
albert/albert-base-v2,ieee,prep1_aug0,seed_52680723,0.081392
albert/albert-base-v2,ieee,prep1_aug0,seed_67351593,0.11771
albert/albert-base-v2,ieee,prep1_aug0,seed_70681460,0.14194
albert/albert-base-v2,ieee,prep1_aug0,seed_87212562,0.05555
albert/albert-base-v2,ieee,prep1_aug0,seed_90995999,0.143643
albert/albert-base-v2,ieee,prep1_aug0,seed_99511865,0.16152
all-MiniLM-L12-v2,ieee,prep1_aug0,seed_14298463,0.097292
all-MiniLM-L12-v2,ieee,prep1_aug0,seed_24677315,0.15924
all-MiniLM-L12-v2,ieee,prep1_aug0,seed_37622020,0.102162
all-MiniLM-L12-v2,ieee,prep1_aug0,seed_43782163,0.086652
all-MiniLM-L12-v2,ieee,prep1_aug0,seed_52680723,0.080614
all-MiniLM-L12-v2,ieee,prep1_aug0,seed_67351593,0.093941
all-MiniLM-L12-v2,ieee,prep1_aug0,seed_70681460,0.082744
all-MiniLM-L12-v2,ieee,prep1_aug0,seed_87212562,0.111162
all-MiniLM-L12-v2,ieee,prep1_aug0,seed_90995999,0.073492
all-MiniLM-L12-v2,ieee,prep1_aug0,seed_99511865,0.114651
all-MiniLM-L6-v2,ieee,prep1_aug0,seed_14298463,0.054696
all-MiniLM-L6-v2,ieee,prep1_aug0,seed_24677315,0.074514
all-MiniLM-L6-v2,ieee,prep1_aug0,seed_37622020,0.0663
all-MiniLM-L6-v2,ieee,prep1_aug0,seed_43782163,0.110591
all-MiniLM-L6-v2,ieee,prep1_aug0,seed_52680723,0.06234
all-MiniLM-L6-v2,ieee,prep1_aug0,seed_67351593,0.074416
all-MiniLM-L6-v2,ieee,prep1_aug0,seed_70681460,0.080116
all-MiniLM-L6-v2,ieee,prep1_aug0,seed_87212562,0.092675
all-MiniLM-L6-v2,ieee,prep1_aug0,seed_90995999,0.089958
all-MiniLM-L6-v2,ieee,prep1_aug0,seed_99511865,0.094075
all-distilroberta-v1,ieee,prep1_aug0,seed_14298463,0.114681
all-distilroberta-v1,ieee,prep1_aug0,seed_24677315,0.08982
all-distilroberta-v1,ieee,prep1_aug0,seed_37622020,0.093809
all-distilroberta-v1,ieee,prep1_aug0,seed_43782163,0.062819
all-distilroberta-v1,ieee,prep1_aug0,seed_52680723,0.065636
all-distilroberta-v1,ieee,prep1_aug0,seed_67351593,0.101248
all-distilroberta-v1,ieee,prep1_aug0,seed_70681460,0.096975
all-distilroberta-v1,ieee,prep1_aug0,seed_87212562,0.095303
all-distilroberta-v1,ieee,prep1_aug0,seed_90995999,0.133917
all-distilroberta-v1,ieee,prep1_aug0,seed_99511865,0.094704
all-mpnet-base-v2,ieee,prep1_aug0,seed_14298463,0.060821
all-mpnet-base-v2,ieee,prep1_aug0,seed_24677315,0.1839
all-mpnet-base-v2,ieee,prep1_aug0,seed_37622020,0.241551
all-mpnet-base-v2,ieee,prep1_aug0,seed_43782163,0.101706
all-mpnet-base-v2,ieee,prep1_aug0,seed_52680723,0.051424
all-mpnet-base-v2,ieee,prep1_aug0,seed_67351593,0.050189
all-mpnet-base-v2,ieee,prep1_aug0,seed_70681460,0.126507
all-mpnet-base-v2,ieee,prep1_aug0,seed_87212562,0.122209
all-mpnet-base-v2,ieee,prep1_aug0,seed_90995999,0.228549
all-mpnet-base-v2,ieee,prep1_aug0,seed_99511865,0.061312
answerdotai/ModernBERT-base,ieee,prep1_aug0,seed_14298463,0.120659
answerdotai/ModernBERT-base,ieee,prep1_aug0,seed_24677315,0.138538
answerdotai/ModernBERT-base,ieee,prep1_aug0,seed_37622020,0.048432
answerdotai/ModernBERT-base,ieee,prep1_aug0,seed_43782163,0.132396
answerdotai/ModernBERT-base,ieee,prep1_aug0,seed_52680723,0.171819
answerdotai/ModernBERT-base,ieee,prep1_aug0,seed_67351593,0.13313
answerdotai/ModernBERT-base,ieee,prep1_aug0,seed_70681460,0.158745
answerdotai/ModernBERT-base,ieee,prep1_aug0,seed_87212562,0.134825
answerdotai/ModernBERT-base,ieee,prep1_aug0,seed_90995999,0.162313
answerdotai/ModernBERT-base,ieee,prep1_aug0,seed_99511865,0.148007
bert-base-cased,ieee,prep1_aug0,seed_14298463,0.160695
bert-base-cased,ieee,prep1_aug0,seed_24677315,0.152239
bert-base-cased,ieee,prep1_aug0,seed_37622020,0.089653
bert-base-cased,ieee,prep1_aug0,seed_43782163,0.134473
bert-base-cased,ieee,prep1_aug0,seed_52680723,0.13671
bert-base-cased,ieee,prep1_aug0,seed_67351593,0.154692
bert-base-cased,ieee,prep1_aug0,seed_70681460,0.036761
bert-base-cased,ieee,prep1_aug0,seed_87212562,0.157285
bert-base-cased,ieee,prep1_aug0,seed_90995999,0.148554
bert-base-cased,ieee,prep1_aug0,seed_99511865,0.137728
bert-base-uncased,ieee,prep1_aug0,seed_14298463,0.112997
bert-base-uncased,ieee,prep1_aug0,seed_24677315,0.123566
bert-base-uncased,ieee,prep1_aug0,seed_37622020,0.155729
bert-base-uncased,ieee,prep1_aug0,seed_43782163,0.147304
bert-base-uncased,ieee,prep1_aug0,seed_52680723,0.14819
bert-base-uncased,ieee,prep1_aug0,seed_67351593,0.137228
bert-base-uncased,ieee,prep1_aug0,seed_70681460,0.048904
bert-base-uncased,ieee,prep1_aug0,seed_87212562,0.170568
bert-base-uncased,ieee,prep1_aug0,seed_90995999,0.067674
bert-base-uncased,ieee,prep1_aug0,seed_99511865,0.150637
chandar-lab/NeoBERT,ieee,prep1_aug0,seed_14298463,0.12817
chandar-lab/NeoBERT,ieee,prep1_aug0,seed_24677315,0.087251
chandar-lab/NeoBERT,ieee,prep1_aug0,seed_37622020,0.03401
chandar-lab/NeoBERT,ieee,prep1_aug0,seed_43782163,0.094289
chandar-lab/NeoBERT,ieee,prep1_aug0,seed_52680723,0.142499
chandar-lab/NeoBERT,ieee,prep1_aug0,seed_67351593,0.102523
chandar-lab/NeoBERT,ieee,prep1_aug0,seed_70681460,0.094252
chandar-lab/NeoBERT,ieee,prep1_aug0,seed_87212562,0.120228
chandar-lab/NeoBERT,ieee,prep1_aug0,seed_90995999,0.137024
chandar-lab/NeoBERT,ieee,prep1_aug0,seed_99511865,0.136143
distilbert-base-cased,ieee,prep1_aug0,seed_14298463,0.143875
distilbert-base-cased,ieee,prep1_aug0,seed_24677315,0.14193
distilbert-base-cased,ieee,prep1_aug0,seed_37622020,0.116395
distilbert-base-cased,ieee,prep1_aug0,seed_43782163,0.131526
distilbert-base-cased,ieee,prep1_aug0,seed_52680723,0.163966
distilbert-base-cased,ieee,prep1_aug0,seed_67351593,0.02786
distilbert-base-cased,ieee,prep1_aug0,seed_70681460,0.142415
distilbert-base-cased,ieee,prep1_aug0,seed_87212562,0.140951
distilbert-base-cased,ieee,prep1_aug0,seed_90995999,0.143492
distilbert-base-cased,ieee,prep1_aug0,seed_99511865,0.144615
distilbert-base-uncased,ieee,prep1_aug0,seed_14298463,0.110747
distilbert-base-uncased,ieee,prep1_aug0,seed_24677315,0.132982
distilbert-base-uncased,ieee,prep1_aug0,seed_37622020,0.148279
distilbert-base-uncased,ieee,prep1_aug0,seed_43782163,0.145916
distilbert-base-uncased,ieee,prep1_aug0,seed_52680723,0.124698
distilbert-base-uncased,ieee,prep1_aug0,seed_67351593,0.105535
distilbert-base-uncased,ieee,prep1_aug0,seed_70681460,0.124948
distilbert-base-uncased,ieee,prep1_aug0,seed_87212562,0.129068
distilbert-base-uncased,ieee,prep1_aug0,seed_90995999,0.132485
distilbert-base-uncased,ieee,prep1_aug0,seed_99511865,0.139608
google/mobilebert-uncased,ieee,prep1_aug0,seed_14298463,0.090216
google/mobilebert-uncased,ieee,prep1_aug0,seed_24677315,0.109267
google/mobilebert-uncased,ieee,prep1_aug0,seed_37622020,0.053669
google/mobilebert-uncased,ieee,prep1_aug0,seed_43782163,0.082913
google/mobilebert-uncased,ieee,prep1_aug0,seed_52680723,0.1149
google/mobilebert-uncased,ieee,prep1_aug0,seed_67351593,0.117707
google/mobilebert-uncased,ieee,prep1_aug0,seed_70681460,0.14509
google/mobilebert-uncased,ieee,prep1_aug0,seed_87212562,0.067693
google/mobilebert-uncased,ieee,prep1_aug0,seed_90995999,0.062376
google/mobilebert-uncased,ieee,prep1_aug0,seed_99511865,0.118344
gpt2,ieee,prep1_aug0,seed_14298463,0.11019
gpt2,ieee,prep1_aug0,seed_24677315,0.100714
gpt2,ieee,prep1_aug0,seed_37622020,0.108104
gpt2,ieee,prep1_aug0,seed_43782163,0.055007
gpt2,ieee,prep1_aug0,seed_52680723,0.101983
gpt2,ieee,prep1_aug0,seed_67351593,0.12958
gpt2,ieee,prep1_aug0,seed_70681460,0.108826
gpt2,ieee,prep1_aug0,seed_87212562,0.117322
gpt2,ieee,prep1_aug0,seed_90995999,0.098889
gpt2,ieee,prep1_aug0,seed_99511865,0.104997
roberta-base,ieee,prep1_aug0,seed_14298463,0.136082
roberta-base,ieee,prep1_aug0,seed_24677315,0.153271
roberta-base,ieee,prep1_aug0,seed_37622020,0.133618
roberta-base,ieee,prep1_aug0,seed_43782163,0.147684
roberta-base,ieee,prep1_aug0,seed_52680723,0.121498
roberta-base,ieee,prep1_aug0,seed_67351593,0.123476
roberta-base,ieee,prep1_aug0,seed_70681460,0.166587
roberta-base,ieee,prep1_aug0,seed_87212562,0.162957
roberta-base,ieee,prep1_aug0,seed_90995999,0.1396
roberta-base,ieee,prep1_aug0,seed_99511865,0.152048
sarkerlab/SocBERT-base,ieee,prep1_aug0,seed_14298463,0.070976
sarkerlab/SocBERT-base,ieee,prep1_aug0,seed_24677315,0.107311
sarkerlab/SocBERT-base,ieee,prep1_aug0,seed_37622020,0.090537
sarkerlab/SocBERT-base,ieee,prep1_aug0,seed_43782163,0.118827
sarkerlab/SocBERT-base,ieee,prep1_aug0,seed_52680723,0.04407
sarkerlab/SocBERT-base,ieee,prep1_aug0,seed_67351593,0.121169
sarkerlab/SocBERT-base,ieee,prep1_aug0,seed_70681460,0.115716
sarkerlab/SocBERT-base,ieee,prep1_aug0,seed_87212562,0.108119
sarkerlab/SocBERT-base,ieee,prep1_aug0,seed_90995999,0.032554
sarkerlab/SocBERT-base,ieee,prep1_aug0,seed_99511865,0.104231
vinai/bertweet-base,ieee,prep1_aug0,seed_14298463,0.137792
vinai/bertweet-base,ieee,prep1_aug0,seed_24677315,0.105311
vinai/bertweet-base,ieee,prep1_aug0,seed_37622020,0.138329
vinai/bertweet-base,ieee,prep1_aug0,seed_43782163,0.063209
vinai/bertweet-base,ieee,prep1_aug0,seed_52680723,0.098591
vinai/bertweet-base,ieee,prep1_aug0,seed_67351593,0.109524
vinai/bertweet-base,ieee,prep1_aug0,seed_70681460,0.058402
vinai/bertweet-base,ieee,prep1_aug0,seed_87212562,0.126593
vinai/bertweet-base,ieee,prep1_aug0,seed_90995999,0.078282
vinai/bertweet-base,ieee,prep1_aug0,seed_99511865,0.129142
xlnet-base-cased,ieee,prep1_aug0,seed_14298463,0.169458
xlnet-base-cased,ieee,prep1_aug0,seed_24677315,0.14583
xlnet-base-cased,ieee,prep1_aug0,seed_37622020,0.155766
xlnet-base-cased,ieee,prep1_aug0,seed_43782163,0.129732
xlnet-base-cased,ieee,prep1_aug0,seed_52680723,0.156668
xlnet-base-cased,ieee,prep1_aug0,seed_67351593,0.077554
xlnet-base-cased,ieee,prep1_aug0,seed_70681460,0.166193
xlnet-base-cased,ieee,prep1_aug0,seed_87212562,0.138422
xlnet-base-cased,ieee,prep1_aug0,seed_90995999,0.155235
xlnet-base-cased,ieee,prep1_aug0,seed_99511865,0.152177
GroNLP/hateBERT,kaggle,prep1_aug0,seed_14298463,0.043855
GroNLP/hateBERT,kaggle,prep1_aug0,seed_24677315,0.047454
GroNLP/hateBERT,kaggle,prep1_aug0,seed_37622020,0.046821
GroNLP/hateBERT,kaggle,prep1_aug0,seed_43782163,0.032766
GroNLP/hateBERT,kaggle,prep1_aug0,seed_52680723,0.047124
GroNLP/hateBERT,kaggle,prep1_aug0,seed_67351593,0.033822
GroNLP/hateBERT,kaggle,prep1_aug0,seed_70681460,0.041066
GroNLP/hateBERT,kaggle,prep1_aug0,seed_87212562,0.030237
GroNLP/hateBERT,kaggle,prep1_aug0,seed_90995999,0.027273
GroNLP/hateBERT,kaggle,prep1_aug0,seed_99511865,0.047283
Twitter/twhin-bert-base,kaggle,prep1_aug0,seed_14298463,0.029908
Twitter/twhin-bert-base,kaggle,prep1_aug0,seed_24677315,0.02729
Twitter/twhin-bert-base,kaggle,prep1_aug0,seed_37622020,0.045094
Twitter/twhin-bert-base,kaggle,prep1_aug0,seed_43782163,0.046489
Twitter/twhin-bert-base,kaggle,prep1_aug0,seed_52680723,0.034808
Twitter/twhin-bert-base,kaggle,prep1_aug0,seed_67351593,0.049177
Twitter/twhin-bert-base,kaggle,prep1_aug0,seed_70681460,0.027606
Twitter/twhin-bert-base,kaggle,prep1_aug0,seed_87212562,0.049538
Twitter/twhin-bert-base,kaggle,prep1_aug0,seed_90995999,0.04345
Twitter/twhin-bert-base,kaggle,prep1_aug0,seed_99511865,0.042347
albert/albert-base-v2,kaggle,prep1_aug0,seed_14298463,0.037523
albert/albert-base-v2,kaggle,prep1_aug0,seed_24677315,0.025758
albert/albert-base-v2,kaggle,prep1_aug0,seed_37622020,0.037776
albert/albert-base-v2,kaggle,prep1_aug0,seed_43782163,0.048081
albert/albert-base-v2,kaggle,prep1_aug0,seed_52680723,0.039538
albert/albert-base-v2,kaggle,prep1_aug0,seed_67351593,0.046809
albert/albert-base-v2,kaggle,prep1_aug0,seed_70681460,0.035295
albert/albert-base-v2,kaggle,prep1_aug0,seed_87212562,0.027365
albert/albert-base-v2,kaggle,prep1_aug0,seed_90995999,0.03434
albert/albert-base-v2,kaggle,prep1_aug0,seed_99511865,0.031227
all-MiniLM-L12-v2,kaggle,prep1_aug0,seed_14298463,0.022027
all-MiniLM-L12-v2,kaggle,prep1_aug0,seed_24677315,0.031906
all-MiniLM-L12-v2,kaggle,prep1_aug0,seed_37622020,0.046795
all-MiniLM-L12-v2,kaggle,prep1_aug0,seed_43782163,0.033457
all-MiniLM-L12-v2,kaggle,prep1_aug0,seed_52680723,0.041781
all-MiniLM-L12-v2,kaggle,prep1_aug0,seed_67351593,0.047863
all-MiniLM-L12-v2,kaggle,prep1_aug0,seed_70681460,0.04432
all-MiniLM-L12-v2,kaggle,prep1_aug0,seed_87212562,0.04228
all-MiniLM-L12-v2,kaggle,prep1_aug0,seed_90995999,0.036182
all-MiniLM-L12-v2,kaggle,prep1_aug0,seed_99511865,0.047182
all-MiniLM-L6-v2,kaggle,prep1_aug0,seed_14298463,0.043853
all-MiniLM-L6-v2,kaggle,prep1_aug0,seed_24677315,0.028771
all-MiniLM-L6-v2,kaggle,prep1_aug0,seed_37622020,0.042751
all-MiniLM-L6-v2,kaggle,prep1_aug0,seed_43782163,0.038856
all-MiniLM-L6-v2,kaggle,prep1_aug0,seed_52680723,0.043528
all-MiniLM-L6-v2,kaggle,prep1_aug0,seed_67351593,0.049367
all-MiniLM-L6-v2,kaggle,prep1_aug0,seed_70681460,0.046742
all-MiniLM-L6-v2,kaggle,prep1_aug0,seed_87212562,0.046301
all-MiniLM-L6-v2,kaggle,prep1_aug0,seed_90995999,0.039662
all-MiniLM-L6-v2,kaggle,prep1_aug0,seed_99511865,0.030006
all-distilroberta-v1,kaggle,prep1_aug0,seed_14298463,0.018828
all-distilroberta-v1,kaggle,prep1_aug0,seed_24677315,0.04123
all-distilroberta-v1,kaggle,prep1_aug0,seed_37622020,0.033856
all-distilroberta-v1,kaggle,prep1_aug0,seed_43782163,0.047521
all-distilroberta-v1,kaggle,prep1_aug0,seed_52680723,0.049431
all-distilroberta-v1,kaggle,prep1_aug0,seed_67351593,0.045955
all-distilroberta-v1,kaggle,prep1_aug0,seed_70681460,0.02971
all-distilroberta-v1,kaggle,prep1_aug0,seed_87212562,0.047019
all-distilroberta-v1,kaggle,prep1_aug0,seed_90995999,0.045036
all-distilroberta-v1,kaggle,prep1_aug0,seed_99511865,0.047144
all-mpnet-base-v2,kaggle,prep1_aug0,seed_14298463,0.027126
all-mpnet-base-v2,kaggle,prep1_aug0,seed_24677315,0.039015
all-mpnet-base-v2,kaggle,prep1_aug0,seed_37622020,0.038096
all-mpnet-base-v2,kaggle,prep1_aug0,seed_43782163,0.044765
all-mpnet-base-v2,kaggle,prep1_aug0,seed_52680723,0.04561
all-mpnet-base-v2,kaggle,prep1_aug0,seed_67351593,0.045308
all-mpnet-base-v2,kaggle,prep1_aug0,seed_70681460,0.038416
all-mpnet-base-v2,kaggle,prep1_aug0,seed_87212562,0.026543
all-mpnet-base-v2,kaggle,prep1_aug0,seed_90995999,0.044538
all-mpnet-base-v2,kaggle,prep1_aug0,seed_99511865,0.028305
answerdotai/ModernBERT-base,kaggle,prep1_aug0,seed_14298463,0.043759
answerdotai/ModernBERT-base,kaggle,prep1_aug0,seed_24677315,0.045867
answerdotai/ModernBERT-base,kaggle,prep1_aug0,seed_37622020,0.043095
answerdotai/ModernBERT-base,kaggle,prep1_aug0,seed_43782163,0.014136
answerdotai/ModernBERT-base,kaggle,prep1_aug0,seed_52680723,0.040244
answerdotai/ModernBERT-base,kaggle,prep1_aug0,seed_67351593,0.048205
answerdotai/ModernBERT-base,kaggle,prep1_aug0,seed_70681460,0.043787
answerdotai/ModernBERT-base,kaggle,prep1_aug0,seed_87212562,0.048149
answerdotai/ModernBERT-base,kaggle,prep1_aug0,seed_90995999,0.043848
answerdotai/ModernBERT-base,kaggle,prep1_aug0,seed_99511865,0.018981
bert-base-cased,kaggle,prep1_aug0,seed_14298463,0.045595
bert-base-cased,kaggle,prep1_aug0,seed_24677315,0.050341
bert-base-cased,kaggle,prep1_aug0,seed_37622020,0.047068
bert-base-cased,kaggle,prep1_aug0,seed_43782163,0.014935
bert-base-cased,kaggle,prep1_aug0,seed_52680723,0.050008
bert-base-cased,kaggle,prep1_aug0,seed_67351593,0.048675
bert-base-cased,kaggle,prep1_aug0,seed_70681460,0.050678
bert-base-cased,kaggle,prep1_aug0,seed_87212562,0.005833
bert-base-cased,kaggle,prep1_aug0,seed_90995999,0.043457
bert-base-cased,kaggle,prep1_aug0,seed_99511865,0.043548
bert-base-uncased,kaggle,prep1_aug0,seed_14298463,0.04344
bert-base-uncased,kaggle,prep1_aug0,seed_24677315,0.033323
bert-base-uncased,kaggle,prep1_aug0,seed_37622020,0.04533
bert-base-uncased,kaggle,prep1_aug0,seed_43782163,0.028266
bert-base-uncased,kaggle,prep1_aug0,seed_52680723,0.022559
bert-base-uncased,kaggle,prep1_aug0,seed_67351593,0.049248
bert-base-uncased,kaggle,prep1_aug0,seed_70681460,0.030334
bert-base-uncased,kaggle,prep1_aug0,seed_87212562,0.049351
bert-base-uncased,kaggle,prep1_aug0,seed_90995999,0.046701
bert-base-uncased,kaggle,prep1_aug0,seed_99511865,0.048775
chandar-lab/NeoBERT,kaggle,prep1_aug0,seed_14298463,0.027439
chandar-lab/NeoBERT,kaggle,prep1_aug0,seed_24677315,0.047509
chandar-lab/NeoBERT,kaggle,prep1_aug0,seed_37622020,0.048747
chandar-lab/NeoBERT,kaggle,prep1_aug0,seed_43782163,0.030325
chandar-lab/NeoBERT,kaggle,prep1_aug0,seed_52680723,0.047751
chandar-lab/NeoBERT,kaggle,prep1_aug0,seed_67351593,0.050102
chandar-lab/NeoBERT,kaggle,prep1_aug0,seed_70681460,0.032449
chandar-lab/NeoBERT,kaggle,prep1_aug0,seed_87212562,0.051518
chandar-lab/NeoBERT,kaggle,prep1_aug0,seed_90995999,0.029827
chandar-lab/NeoBERT,kaggle,prep1_aug0,seed_99511865,0.049293
distilbert-base-cased,kaggle,prep1_aug0,seed_14298463,0.046034
distilbert-base-cased,kaggle,prep1_aug0,seed_24677315,0.046318
distilbert-base-cased,kaggle,prep1_aug0,seed_37622020,0.038601
distilbert-base-cased,kaggle,prep1_aug0,seed_43782163,0.041715
distilbert-base-cased,kaggle,prep1_aug0,seed_52680723,0.023367
distilbert-base-cased,kaggle,prep1_aug0,seed_67351593,0.046813
distilbert-base-cased,kaggle,prep1_aug0,seed_70681460,0.026034
distilbert-base-cased,kaggle,prep1_aug0,seed_87212562,0.022264
distilbert-base-cased,kaggle,prep1_aug0,seed_90995999,0.046542
distilbert-base-cased,kaggle,prep1_aug0,seed_99511865,0.033041
distilbert-base-uncased,kaggle,prep1_aug0,seed_14298463,0.016891
distilbert-base-uncased,kaggle,prep1_aug0,seed_24677315,0.047866
distilbert-base-uncased,kaggle,prep1_aug0,seed_37622020,0.028272
distilbert-base-uncased,kaggle,prep1_aug0,seed_43782163,0.046359
distilbert-base-uncased,kaggle,prep1_aug0,seed_52680723,0.047149
distilbert-base-uncased,kaggle,prep1_aug0,seed_67351593,0.047306
distilbert-base-uncased,kaggle,prep1_aug0,seed_70681460,0.032218
distilbert-base-uncased,kaggle,prep1_aug0,seed_87212562,0.029005
distilbert-base-uncased,kaggle,prep1_aug0,seed_90995999,0.028378
distilbert-base-uncased,kaggle,prep1_aug0,seed_99511865,0.047937
google/mobilebert-uncased,kaggle,prep1_aug0,seed_14298463,0.033625
google/mobilebert-uncased,kaggle,prep1_aug0,seed_24677315,0.040858
google/mobilebert-uncased,kaggle,prep1_aug0,seed_37622020,0.035628
google/mobilebert-uncased,kaggle,prep1_aug0,seed_43782163,0.04478
google/mobilebert-uncased,kaggle,prep1_aug0,seed_52680723,0.046353
google/mobilebert-uncased,kaggle,prep1_aug0,seed_67351593,0.04576
google/mobilebert-uncased,kaggle,prep1_aug0,seed_70681460,0.048546
google/mobilebert-uncased,kaggle,prep1_aug0,seed_87212562,0.049061
google/mobilebert-uncased,kaggle,prep1_aug0,seed_90995999,0.042897
google/mobilebert-uncased,kaggle,prep1_aug0,seed_99511865,0.036573
gpt2,kaggle,prep1_aug0,seed_14298463,0.041032
gpt2,kaggle,prep1_aug0,seed_24677315,0.041666
gpt2,kaggle,prep1_aug0,seed_37622020,0.036813
gpt2,kaggle,prep1_aug0,seed_43782163,0.023474
gpt2,kaggle,prep1_aug0,seed_52680723,0.039112
gpt2,kaggle,prep1_aug0,seed_67351593,0.029084
gpt2,kaggle,prep1_aug0,seed_70681460,0.028518
gpt2,kaggle,prep1_aug0,seed_87212562,0.02749
gpt2,kaggle,prep1_aug0,seed_90995999,0.044557
gpt2,kaggle,prep1_aug0,seed_99511865,0.045462
roberta-base,kaggle,prep1_aug0,seed_14298463,0.045603
roberta-base,kaggle,prep1_aug0,seed_24677315,0.043431
roberta-base,kaggle,prep1_aug0,seed_37622020,0.040064
roberta-base,kaggle,prep1_aug0,seed_43782163,0.048447
roberta-base,kaggle,prep1_aug0,seed_52680723,0.052388
roberta-base,kaggle,prep1_aug0,seed_67351593,0.051884
roberta-base,kaggle,prep1_aug0,seed_70681460,0.029847
roberta-base,kaggle,prep1_aug0,seed_87212562,0.049529
roberta-base,kaggle,prep1_aug0,seed_90995999,0.050566
roberta-base,kaggle,prep1_aug0,seed_99511865,0.048652
sarkerlab/SocBERT-base,kaggle,prep1_aug0,seed_14298463,0.047467
sarkerlab/SocBERT-base,kaggle,prep1_aug0,seed_24677315,0.04589
sarkerlab/SocBERT-base,kaggle,prep1_aug0,seed_37622020,0.045811
sarkerlab/SocBERT-base,kaggle,prep1_aug0,seed_43782163,0.01571
sarkerlab/SocBERT-base,kaggle,prep1_aug0,seed_52680723,0.042637
sarkerlab/SocBERT-base,kaggle,prep1_aug0,seed_67351593,0.048286
sarkerlab/SocBERT-base,kaggle,prep1_aug0,seed_70681460,0.044016
sarkerlab/SocBERT-base,kaggle,prep1_aug0,seed_87212562,0.047444
sarkerlab/SocBERT-base,kaggle,prep1_aug0,seed_90995999,0.047079
sarkerlab/SocBERT-base,kaggle,prep1_aug0,seed_99511865,0.043112
vinai/bertweet-base,kaggle,prep1_aug0,seed_14298463,0.035739
vinai/bertweet-base,kaggle,prep1_aug0,seed_24677315,0.030315
vinai/bertweet-base,kaggle,prep1_aug0,seed_37622020,0.040617
vinai/bertweet-base,kaggle,prep1_aug0,seed_43782163,0.042166
vinai/bertweet-base,kaggle,prep1_aug0,seed_52680723,0.007911
vinai/bertweet-base,kaggle,prep1_aug0,seed_67351593,0.045445
vinai/bertweet-base,kaggle,prep1_aug0,seed_70681460,0.022053
vinai/bertweet-base,kaggle,prep1_aug0,seed_87212562,0.024701
vinai/bertweet-base,kaggle,prep1_aug0,seed_90995999,0.038347
vinai/bertweet-base,kaggle,prep1_aug0,seed_99511865,0.025709
xlnet-base-cased,kaggle,prep1_aug0,seed_14298463,0.048257
xlnet-base-cased,kaggle,prep1_aug0,seed_24677315,0.046669
xlnet-base-cased,kaggle,prep1_aug0,seed_37622020,0.040533
xlnet-base-cased,kaggle,prep1_aug0,seed_43782163,0.042221
xlnet-base-cased,kaggle,prep1_aug0,seed_52680723,0.042011
xlnet-base-cased,kaggle,prep1_aug0,seed_67351593,0.039265
xlnet-base-cased,kaggle,prep1_aug0,seed_70681460,0.034616
xlnet-base-cased,kaggle,prep1_aug0,seed_87212562,0.029051
xlnet-base-cased,kaggle,prep1_aug0,seed_90995999,0.028772
xlnet-base-cased,kaggle,prep1_aug0,seed_99511865,0.044053
GroNLP/hateBERT,tweeteval,prep1_aug0,seed_14298463,0.015843
GroNLP/hateBERT,tweeteval,prep1_aug0,seed_24677315,0.057376
GroNLP/hateBERT,tweeteval,prep1_aug0,seed_37622020,0.055399
GroNLP/hateBERT,tweeteval,prep1_aug0,seed_43782163,0.051314
GroNLP/hateBERT,tweeteval,prep1_aug0,seed_52680723,0.056603
GroNLP/hateBERT,tweeteval,prep1_aug0,seed_67351593,0.058445
GroNLP/hateBERT,tweeteval,prep1_aug0,seed_70681460,0.057439
GroNLP/hateBERT,tweeteval,prep1_aug0,seed_87212562,0.057925
GroNLP/hateBERT,tweeteval,prep1_aug0,seed_90995999,0.055421
GroNLP/hateBERT,tweeteval,prep1_aug0,seed_99511865,0.056199
Twitter/twhin-bert-base,tweeteval,prep1_aug0,seed_14298463,0.047269
Twitter/twhin-bert-base,tweeteval,prep1_aug0,seed_24677315,0.03205
Twitter/twhin-bert-base,tweeteval,prep1_aug0,seed_37622020,0.023498
Twitter/twhin-bert-base,tweeteval,prep1_aug0,seed_43782163,0.054802
Twitter/twhin-bert-base,tweeteval,prep1_aug0,seed_52680723,0.051588
Twitter/twhin-bert-base,tweeteval,prep1_aug0,seed_67351593,0.048253
Twitter/twhin-bert-base,tweeteval,prep1_aug0,seed_70681460,0.055476
Twitter/twhin-bert-base,tweeteval,prep1_aug0,seed_87212562,0.041696
Twitter/twhin-bert-base,tweeteval,prep1_aug0,seed_90995999,0.058368
Twitter/twhin-bert-base,tweeteval,prep1_aug0,seed_99511865,0.05121
albert/albert-base-v2,tweeteval,prep1_aug0,seed_14298463,0.044777
albert/albert-base-v2,tweeteval,prep1_aug0,seed_24677315,0.04392
albert/albert-base-v2,tweeteval,prep1_aug0,seed_37622020,0.053406
albert/albert-base-v2,tweeteval,prep1_aug0,seed_43782163,0.055435
albert/albert-base-v2,tweeteval,prep1_aug0,seed_52680723,0.037311
albert/albert-base-v2,tweeteval,prep1_aug0,seed_67351593,0.0574
albert/albert-base-v2,tweeteval,prep1_aug0,seed_70681460,0.052116
albert/albert-base-v2,tweeteval,prep1_aug0,seed_87212562,0.046309
albert/albert-base-v2,tweeteval,prep1_aug0,seed_90995999,0.043662
albert/albert-base-v2,tweeteval,prep1_aug0,seed_99511865,0.052278
all-MiniLM-L12-v2,tweeteval,prep1_aug0,seed_14298463,0.048037
all-MiniLM-L12-v2,tweeteval,prep1_aug0,seed_24677315,0.023204
all-MiniLM-L12-v2,tweeteval,prep1_aug0,seed_37622020,0.057767
all-MiniLM-L12-v2,tweeteval,prep1_aug0,seed_43782163,0.046574
all-MiniLM-L12-v2,tweeteval,prep1_aug0,seed_52680723,0.032391
all-MiniLM-L12-v2,tweeteval,prep1_aug0,seed_67351593,0.05657
all-MiniLM-L12-v2,tweeteval,prep1_aug0,seed_70681460,0.043489
all-MiniLM-L12-v2,tweeteval,prep1_aug0,seed_87212562,0.045707
all-MiniLM-L12-v2,tweeteval,prep1_aug0,seed_90995999,0.038507
all-MiniLM-L12-v2,tweeteval,prep1_aug0,seed_99511865,0.003802
all-MiniLM-L6-v2,tweeteval,prep1_aug0,seed_14298463,0.045726
all-MiniLM-L6-v2,tweeteval,prep1_aug0,seed_24677315,0.048175
all-MiniLM-L6-v2,tweeteval,prep1_aug0,seed_37622020,0.057322
all-MiniLM-L6-v2,tweeteval,prep1_aug0,seed_43782163,0.044464
all-MiniLM-L6-v2,tweeteval,prep1_aug0,seed_52680723,0.049248
all-MiniLM-L6-v2,tweeteval,prep1_aug0,seed_67351593,0.058334
all-MiniLM-L6-v2,tweeteval,prep1_aug0,seed_70681460,0.058621
all-MiniLM-L6-v2,tweeteval,prep1_aug0,seed_87212562,0.060191
all-MiniLM-L6-v2,tweeteval,prep1_aug0,seed_90995999,0.030594
all-MiniLM-L6-v2,tweeteval,prep1_aug0,seed_99511865,0.029443
all-distilroberta-v1,tweeteval,prep1_aug0,seed_14298463,0.037106
all-distilroberta-v1,tweeteval,prep1_aug0,seed_24677315,0.053089
all-distilroberta-v1,tweeteval,prep1_aug0,seed_37622020,0.056414
all-distilroberta-v1,tweeteval,prep1_aug0,seed_43782163,0.025863
all-distilroberta-v1,tweeteval,prep1_aug0,seed_52680723,0.051471
all-distilroberta-v1,tweeteval,prep1_aug0,seed_67351593,0.016181
all-distilroberta-v1,tweeteval,prep1_aug0,seed_70681460,0.040135
all-distilroberta-v1,tweeteval,prep1_aug0,seed_87212562,0.043077
all-distilroberta-v1,tweeteval,prep1_aug0,seed_90995999,0.058753
all-distilroberta-v1,tweeteval,prep1_aug0,seed_99511865,0.056667
all-mpnet-base-v2,tweeteval,prep1_aug0,seed_14298463,0.048756
all-mpnet-base-v2,tweeteval,prep1_aug0,seed_24677315,0.041997
all-mpnet-base-v2,tweeteval,prep1_aug0,seed_37622020,0.055066
all-mpnet-base-v2,tweeteval,prep1_aug0,seed_43782163,0.052692
all-mpnet-base-v2,tweeteval,prep1_aug0,seed_52680723,0.041608
all-mpnet-base-v2,tweeteval,prep1_aug0,seed_67351593,0.054728
all-mpnet-base-v2,tweeteval,prep1_aug0,seed_70681460,0.052262
all-mpnet-base-v2,tweeteval,prep1_aug0,seed_87212562,0.034827
all-mpnet-base-v2,tweeteval,prep1_aug0,seed_90995999,0.052588
all-mpnet-base-v2,tweeteval,prep1_aug0,seed_99511865,0.051323
answerdotai/ModernBERT-base,tweeteval,prep1_aug0,seed_14298463,0.057825
answerdotai/ModernBERT-base,tweeteval,prep1_aug0,seed_24677315,0.058989
answerdotai/ModernBERT-base,tweeteval,prep1_aug0,seed_37622020,0.05548
answerdotai/ModernBERT-base,tweeteval,prep1_aug0,seed_43782163,0.056136
answerdotai/ModernBERT-base,tweeteval,prep1_aug0,seed_52680723,0.056286
answerdotai/ModernBERT-base,tweeteval,prep1_aug0,seed_67351593,0.047488
answerdotai/ModernBERT-base,tweeteval,prep1_aug0,seed_70681460,0.057475
answerdotai/ModernBERT-base,tweeteval,prep1_aug0,seed_87212562,0.057916
answerdotai/ModernBERT-base,tweeteval,prep1_aug0,seed_90995999,0.057778
answerdotai/ModernBERT-base,tweeteval,prep1_aug0,seed_99511865,0.061554
bert-base-cased,tweeteval,prep1_aug0,seed_14298463,0.052857
bert-base-cased,tweeteval,prep1_aug0,seed_24677315,0.040985
bert-base-cased,tweeteval,prep1_aug0,seed_37622020,0.060484
bert-base-cased,tweeteval,prep1_aug0,seed_43782163,0.055619
bert-base-cased,tweeteval,prep1_aug0,seed_52680723,0.054505
bert-base-cased,tweeteval,prep1_aug0,seed_67351593,0.054744
bert-base-cased,tweeteval,prep1_aug0,seed_70681460,0.055043
bert-base-cased,tweeteval,prep1_aug0,seed_87212562,0.055984
bert-base-cased,tweeteval,prep1_aug0,seed_90995999,0.052151
bert-base-cased,tweeteval,prep1_aug0,seed_99511865,0.052591
bert-base-uncased,tweeteval,prep1_aug0,seed_14298463,0.056192
bert-base-uncased,tweeteval,prep1_aug0,seed_24677315,0.053929
bert-base-uncased,tweeteval,prep1_aug0,seed_37622020,0.0146
bert-base-uncased,tweeteval,prep1_aug0,seed_43782163,0.045325
bert-base-uncased,tweeteval,prep1_aug0,seed_52680723,0.035408
bert-base-uncased,tweeteval,prep1_aug0,seed_67351593,0.037308
bert-base-uncased,tweeteval,prep1_aug0,seed_70681460,0.053535
bert-base-uncased,tweeteval,prep1_aug0,seed_87212562,0.059589
bert-base-uncased,tweeteval,prep1_aug0,seed_90995999,0.024934
bert-base-uncased,tweeteval,prep1_aug0,seed_99511865,0.011114
chandar-lab/NeoBERT,tweeteval,prep1_aug0,seed_14298463,0.059063
chandar-lab/NeoBERT,tweeteval,prep1_aug0,seed_24677315,0.04756
chandar-lab/NeoBERT,tweeteval,prep1_aug0,seed_37622020,0.059042
chandar-lab/NeoBERT,tweeteval,prep1_aug0,seed_43782163,0.059416
chandar-lab/NeoBERT,tweeteval,prep1_aug0,seed_52680723,0.057743
chandar-lab/NeoBERT,tweeteval,prep1_aug0,seed_67351593,0.055967
chandar-lab/NeoBERT,tweeteval,prep1_aug0,seed_70681460,0.057983
chandar-lab/NeoBERT,tweeteval,prep1_aug0,seed_87212562,0.058475
chandar-lab/NeoBERT,tweeteval,prep1_aug0,seed_90995999,0.059904
chandar-lab/NeoBERT,tweeteval,prep1_aug0,seed_99511865,0.06126
distilbert-base-cased,tweeteval,prep1_aug0,seed_14298463,0.054081
distilbert-base-cased,tweeteval,prep1_aug0,seed_24677315,0.059201
distilbert-base-cased,tweeteval,prep1_aug0,seed_37622020,0.023035
distilbert-base-cased,tweeteval,prep1_aug0,seed_43782163,0.058924
distilbert-base-cased,tweeteval,prep1_aug0,seed_52680723,0.054822
distilbert-base-cased,tweeteval,prep1_aug0,seed_67351593,0.056315
distilbert-base-cased,tweeteval,prep1_aug0,seed_70681460,0.055555
distilbert-base-cased,tweeteval,prep1_aug0,seed_87212562,0.053338
distilbert-base-cased,tweeteval,prep1_aug0,seed_90995999,0.054103
distilbert-base-cased,tweeteval,prep1_aug0,seed_99511865,0.029799
distilbert-base-uncased,tweeteval,prep1_aug0,seed_14298463,0.05563
distilbert-base-uncased,tweeteval,prep1_aug0,seed_24677315,0.037474
distilbert-base-uncased,tweeteval,prep1_aug0,seed_37622020,0.022493
distilbert-base-uncased,tweeteval,prep1_aug0,seed_43782163,0.023684
distilbert-base-uncased,tweeteval,prep1_aug0,seed_52680723,0.056467
distilbert-base-uncased,tweeteval,prep1_aug0,seed_67351593,0.054656
distilbert-base-uncased,tweeteval,prep1_aug0,seed_70681460,0.038499
distilbert-base-uncased,tweeteval,prep1_aug0,seed_87212562,0.046523
distilbert-base-uncased,tweeteval,prep1_aug0,seed_90995999,0.028204
distilbert-base-uncased,tweeteval,prep1_aug0,seed_99511865,0.023143
google/mobilebert-uncased,tweeteval,prep1_aug0,seed_14298463,0.042734
google/mobilebert-uncased,tweeteval,prep1_aug0,seed_24677315,0.044986
google/mobilebert-uncased,tweeteval,prep1_aug0,seed_37622020,0.026047
google/mobilebert-uncased,tweeteval,prep1_aug0,seed_43782163,0.057273
google/mobilebert-uncased,tweeteval,prep1_aug0,seed_52680723,0.049462
google/mobilebert-uncased,tweeteval,prep1_aug0,seed_67351593,0.057895
google/mobilebert-uncased,tweeteval,prep1_aug0,seed_70681460,0.032745
google/mobilebert-uncased,tweeteval,prep1_aug0,seed_87212562,0.050932
google/mobilebert-uncased,tweeteval,prep1_aug0,seed_90995999,0.047589
google/mobilebert-uncased,tweeteval,prep1_aug0,seed_99511865,0.037715
gpt2,tweeteval,prep1_aug0,seed_14298463,0.032802
gpt2,tweeteval,prep1_aug0,seed_24677315,0.036291
gpt2,tweeteval,prep1_aug0,seed_37622020,0.046679
gpt2,tweeteval,prep1_aug0,seed_43782163,0.043843
gpt2,tweeteval,prep1_aug0,seed_52680723,0.056023
gpt2,tweeteval,prep1_aug0,seed_67351593,0.041131
gpt2,tweeteval,prep1_aug0,seed_70681460,0.05438
gpt2,tweeteval,prep1_aug0,seed_87212562,0.040078
gpt2,tweeteval,prep1_aug0,seed_90995999,0.046878
gpt2,tweeteval,prep1_aug0,seed_99511865,0.015375
roberta-base,tweeteval,prep1_aug0,seed_14298463,0.057994
roberta-base,tweeteval,prep1_aug0,seed_24677315,0.055305
roberta-base,tweeteval,prep1_aug0,seed_37622020,0.05851
roberta-base,tweeteval,prep1_aug0,seed_43782163,0.05817
roberta-base,tweeteval,prep1_aug0,seed_52680723,0.044827
roberta-base,tweeteval,prep1_aug0,seed_67351593,0.045512
roberta-base,tweeteval,prep1_aug0,seed_70681460,0.053917
roberta-base,tweeteval,prep1_aug0,seed_87212562,0.034515
roberta-base,tweeteval,prep1_aug0,seed_90995999,0.056446
roberta-base,tweeteval,prep1_aug0,seed_99511865,0.051307
sarkerlab/SocBERT-base,tweeteval,prep1_aug0,seed_14298463,0.056338
sarkerlab/SocBERT-base,tweeteval,prep1_aug0,seed_24677315,0.016841
sarkerlab/SocBERT-base,tweeteval,prep1_aug0,seed_37622020,0.056169
sarkerlab/SocBERT-base,tweeteval,prep1_aug0,seed_43782163,0.053943
sarkerlab/SocBERT-base,tweeteval,prep1_aug0,seed_52680723,0.056452
sarkerlab/SocBERT-base,tweeteval,prep1_aug0,seed_67351593,0.056343
sarkerlab/SocBERT-base,tweeteval,prep1_aug0,seed_70681460,0.055243
sarkerlab/SocBERT-base,tweeteval,prep1_aug0,seed_87212562,0.053713
sarkerlab/SocBERT-base,tweeteval,prep1_aug0,seed_90995999,0.054077
sarkerlab/SocBERT-base,tweeteval,prep1_aug0,seed_99511865,0.055831
vinai/bertweet-base,tweeteval,prep1_aug0,seed_14298463,0.049353
vinai/bertweet-base,tweeteval,prep1_aug0,seed_24677315,0.050561
vinai/bertweet-base,tweeteval,prep1_aug0,seed_37622020,0.017215
vinai/bertweet-base,tweeteval,prep1_aug0,seed_43782163,0.043452
vinai/bertweet-base,tweeteval,prep1_aug0,seed_52680723,0.03012
vinai/bertweet-base,tweeteval,prep1_aug0,seed_67351593,0.034618
vinai/bertweet-base,tweeteval,prep1_aug0,seed_70681460,0.035457
vinai/bertweet-base,tweeteval,prep1_aug0,seed_87212562,0.052155
vinai/bertweet-base,tweeteval,prep1_aug0,seed_90995999,0.050837
vinai/bertweet-base,tweeteval,prep1_aug0,seed_99511865,0.009873
xlnet-base-cased,tweeteval,prep1_aug0,seed_14298463,0.051554
xlnet-base-cased,tweeteval,prep1_aug0,seed_24677315,0.057106
xlnet-base-cased,tweeteval,prep1_aug0,seed_37622020,0.046876
xlnet-base-cased,tweeteval,prep1_aug0,seed_43782163,0.050555
xlnet-base-cased,tweeteval,prep1_aug0,seed_52680723,0.030296
xlnet-base-cased,tweeteval,prep1_aug0,seed_67351593,0.032697
xlnet-base-cased,tweeteval,prep1_aug0,seed_70681460,0.056872
xlnet-base-cased,tweeteval,prep1_aug0,seed_87212562,0.045569
xlnet-base-cased,tweeteval,prep1_aug0,seed_90995999,0.048192
xlnet-base-cased,tweeteval,prep1_aug0,seed_99511865,0.034951
